Date,Combined
2000-01-07,0.0
2000-01-14,0.0
2000-01-21,0.0
2000-01-28,0.0
2000-02-04,0.0
2000-02-11,-0.021127585685416485
2000-02-18,-0.014751623838024825
2000-02-25,-0.030204954550041036
2000-03-03,0.023443411032621923
2000-03-10,-0.18296674710123198
2000-03-17,0.05814600374944433
2000-03-24,-0.02096781092809252
2000-03-31,0.019669487905149885
2000-04-07,-0.004280896093664646
2000-04-14,-0.16741980142715435
2000-04-21,0.02111995729057222
2000-04-28,0.023091191370893105
2000-05-05,-0.011069244165486991
2000-05-12,-0.0735645062678294
2000-05-19,-0.01574976480537668
2000-05-26,0.014454115177439789
2000-06-02,-0.00031829232780047206
2000-06-09,0.019478144116453655
2000-06-16,0.02441004040326098
2000-06-23,-0.017942898185053305
2000-06-30,-0.00011642854679320622
2000-07-07,-0.033803252029190614
2000-07-14,0.06741283862603986
2000-07-21,0.022278475989900216
2000-07-28,0.05572513706459224
2000-08-04,0.03750877057219797
2000-08-11,0.0036181668180069173
2000-08-18,0.04707528069206696
2000-08-25,0.011055213452597391
2000-09-01,-0.01942924743624569
2000-09-08,-0.004627007755951745
2000-09-15,-0.028733611576116792
2000-09-22,0.006361416540183167
2000-09-29,-0.1188784299249415
2000-10-06,-0.04761627203660281
2000-10-13,-0.02414763667610996
2000-10-20,-0.040898731888889844
2000-10-27,-0.04201733545887283
2000-11-03,0.06809817289634215
2000-11-10,0.01787540588424326
2000-11-17,0.025588643537323524
2000-11-24,-0.006256760847590378
2000-12-01,0.04262622819611515
2000-12-08,0.0
2000-12-15,0.027724151026996227
2000-12-22,0.05363414031693127
2000-12-29,-0.009993017290932212
2001-01-05,-0.0007146941109205489
2001-01-12,-0.0015155524057012676
2001-01-19,-0.06208797236638376
2001-01-26,0.028669148404410705
2001-02-02,0.08232529673040694
2001-02-09,0.043295591341564965
2001-02-16,0.012547757708464571
2001-02-23,0.02317365482525304
2001-03-02,0.027610281191912202
2001-03-09,-0.0022207080675867887
2001-03-16,-0.0544972850736658
2001-03-23,0.009063050968735387
2001-03-30,0.014109012514594767
2001-04-06,0.06800516613831165
2001-04-13,0.0
2001-04-20,-0.0095734734910577
2001-04-27,0.023560646988490985
2001-05-04,-0.06571098523162609
2001-05-11,-0.003501544256617209
2001-05-18,-0.0036492838816940924
2001-05-25,0.0528618991347484
2001-06-01,-0.013168856393916573
2001-06-08,-0.027909328176868357
2001-06-15,-0.004300293049364336
2001-06-22,-0.0037053841500302616
2001-06-29,0.05915367029704689
2001-07-06,0.021929776859354322
2001-07-13,0.02049573691327411
2001-07-20,0.01911664354539202
2001-07-27,0.002455123344301348
2001-08-03,0.03209693681670761
2001-08-10,0.012519247030610744
2001-08-17,0.0036239913306708345
2001-08-24,0.0027151211361738006
2001-08-31,-0.014650462407718334
2001-09-07,-0.013523391812865507
2001-09-14,0.006739526411657555
2001-09-21,0.0
2001-09-28,0.0
2001-10-05,0.0
2001-10-12,0.02039713301341206
2001-10-19,0.023450050067995384
2001-10-26,-0.02249191211847075
2001-11-02,0.03852035530974207
2001-11-09,-0.021872805607127305
2001-11-16,-0.0006001078600854637
2001-11-23,0.0034886146448036733
2001-11-30,-0.09736409422570454
2001-12-07,-0.013575290508597002
2001-12-14,0.0
2001-12-21,0.002622446485527785
2001-12-28,-0.0017575969781852274
2002-01-04,0.03453011967863443
2002-01-11,-0.00553701002647938
2002-01-18,-0.02031704757265379
2002-01-25,0.0075836364375164445
2002-02-01,0.00515484359089056
2002-02-08,-0.03963134670947041
2002-02-15,-0.007846556233653008
2002-02-22,-0.04800991172371068
2002-03-01,0.06322879464091513
2002-03-08,0.013948431915316736
2002-03-15,0.0011440744230836034
2002-03-22,0.01674396315841823
2002-03-29,-0.012302245654617868
2002-04-05,-0.009698476803551953
2002-04-12,-0.004782763482017817
2002-04-19,-0.0018924392899947184
2002-04-26,0.07924821461662368
2002-05-03,-0.006180877984630314
2002-05-10,0.0
2002-05-17,0.0
2002-05-24,0.036483272708004735
2002-05-31,0.01578902979921809
2002-06-07,-0.022077006820786893
2002-06-14,0.01770866712433159
2002-06-21,0.027395755050862246
2002-06-28,-0.02328635551992014
2002-07-05,-0.013926728158623149
2002-07-12,0.033337731087740886
2002-07-19,0.016682942082586846
2002-07-26,0.043590927165388385
2002-08-02,0.05847954531200437
2002-08-09,0.006783908253566895
2002-08-16,0.003377243317865042
2002-08-23,0.0022222222222222365
2002-08-30,-0.006279699331537582
2002-09-06,0.06255924512842642
2002-09-13,-0.022829824072687684
2002-09-20,0.028621936575103722
2002-09-27,-0.004164273787022145
2002-10-04,0.009124874274451099
2002-10-11,0.01151001412781516
2002-10-18,0.0058189452472528665
2002-10-25,-0.02432198703655484
2002-11-01,-0.11933588527454927
2002-11-08,0.023528202169023786
2002-11-15,-0.008872241168962569
2002-11-22,-0.04366722374793048
2002-11-29,-0.008150695496754807
2002-12-06,-0.010692530728449647
2002-12-13,-0.014166412539779889
2002-12-20,-0.007525607832042256
2002-12-27,-0.043805234047647
2003-01-03,-0.00685735593325606
2003-01-10,0.01676371954632211
2003-01-17,-0.002195906979811592
2003-01-24,0.03796926902246463
2003-01-31,0.0007690400027590702
2003-02-07,-0.0034195026406326906
2003-02-14,-0.01029892213272509
2003-02-21,0.0025637339173854804
2003-02-28,0.0018534282057778477
2003-03-07,0.007110058821516222
2003-03-14,-0.007742117117117121
2003-03-21,-0.02815714598380388
2003-03-28,0.013246903134660334
2003-04-04,-0.023137965305016883
2003-04-11,0.0029529855837642956
2003-04-18,-0.003630099132120295
2003-04-25,0.06210216499084214
2003-05-02,0.02789827509230769
2003-05-09,0.0
2003-05-16,0.0003046435289906224
2003-05-23,-0.005572063552369945
2003-05-30,0.01051051051051051
2003-06-06,0.017754760410127673
2003-06-13,-0.002630590003757982
2003-06-20,0.030903717980892878
2003-06-27,0.003273088225957954
2003-07-04,0.009735978316313048
2003-07-11,0.021963848411428472
2003-07-18,-0.02372717935819241
2003-07-25,0.03165717055769008
2003-08-01,-0.0017179339973652855
2003-08-08,-0.06455701662394087
2003-08-15,0.01089497594319146
2003-08-22,0.02079962939524669
2003-08-29,0.01090955683401458
2003-09-05,0.01049060682338554
2003-09-12,-0.02489726219993893
2003-09-19,0.01679643373943892
2003-09-26,0.047003693129786306
2003-10-03,0.001755844605268897
2003-10-10,0.030257595084226943
2003-10-17,-0.007370170983151774
2003-10-24,-0.015761403543185094
2003-10-31,-0.017579521904262724
2003-11-07,-0.07511097297130812
2003-11-14,-0.03174707066698684
2003-11-21,-0.025781967236725063
2003-11-28,0.038221143470177396
2003-12-05,-0.013070154978489585
2003-12-12,-0.020569196998411938
2003-12-19,-0.022959300226712734
2003-12-26,0.026423668373694437
2004-01-02,-0.012639033101491429
2004-01-09,-0.002119260992794508
2004-01-16,0.0018130018130018133
2004-01-23,0.002448482084390637
2004-01-30,0.01783518300879039
2004-02-06,0.005921490786329069
2004-02-13,0.00333439103223789
2004-02-20,0.008031746041924304
2004-02-27,-0.017148391691267324
2004-03-05,0.0
2004-03-12,0.005060331825037718
2004-03-19,0.011943592921281387
2004-03-26,0.04642251012131904
2004-04-02,-0.015767132388372497
2004-04-09,-0.017507396172714608
2004-04-16,0.04773007693592765
2004-04-23,-0.015384907033224683
2004-04-30,-0.003125161647520469
2004-05-07,0.00019586063703638194
2004-05-14,-0.006686132602820878
2004-05-21,0.006872185424022237
2004-05-28,-0.0013587743469951619
2004-06-04,0.0025923592504368442
2004-06-11,0.004189896618866557
2004-06-18,-0.0002693198959609275
2004-06-25,0.0018114364931288533
2004-07-02,0.0007042284852795122
2004-07-09,0.004456602260258329
2004-07-16,0.023875951781427193
2004-07-23,0.008790759367587754
2004-07-30,0.004447689299530915
2004-08-06,-0.005825617137724101
2004-08-13,-0.004559325506471645
2004-08-20,-0.008096841430174789
2004-08-27,0.016595818019537023
2004-09-03,0.011479187733875443
2004-09-10,-0.028021595493555575
2004-09-17,-0.012631298802987783
2004-09-24,0.013297721376665295
2004-10-01,-0.03187866602462739
2004-10-08,0.018254757899196526
2004-10-15,-0.0019291709072208688
2004-10-22,-0.03436409926550969
2004-10-29,-0.01499827034719384
2004-11-05,0.022559156777157773
2004-11-12,-0.012364968255304438
2004-11-19,0.012406770367713593
2004-11-26,0.016339909500777378
2004-12-03,-0.007052240236096777
2004-12-10,-0.0002544162826421323
2004-12-17,0.015441422565360758
2004-12-24,0.009481816783329322
2004-12-31,0.0021752932018364174
2005-01-07,0.03721632278895627
2005-01-14,-0.028367916308331683
2005-01-21,0.016755439854209516
2005-01-28,0.016306189939630435
2005-02-04,-0.02529671286885026
2005-02-11,-0.017406731783160524
2005-02-18,0.01228595298629015
2005-02-25,0.0
2005-03-04,-0.002435957881502415
2005-03-11,-0.002559513732698103
2005-03-18,0.016164852059753283
2005-03-25,0.020337772613606198
2005-04-01,-0.00241690081512861
2005-04-08,-0.018283563216799616
2005-04-15,-0.02250644504575912
2005-04-22,-0.03109303082160031
2005-04-29,-0.012253877753686913
2005-05-06,0.004578997783585614
2005-05-13,-0.021352770765051005
2005-05-20,-0.02201381751293744
2005-05-27,-0.02718250773915437
2005-06-03,-0.006966133557148994
2005-06-10,0.01341003758235983
2005-06-17,-0.02649517445026661
2005-06-24,0.0040336156495712535
2005-07-01,-0.010931893770718865
2005-07-08,-0.006310958118187049
2005-07-15,-0.01179554857438932
2005-07-22,-0.011520737327188925
2005-07-29,-0.019779403466128016
2005-08-05,0.01686411909495914
2005-08-12,0.013037405996926304
2005-08-19,-0.007458924134099524
2005-08-26,0.009016391037647824
2005-09-02,-0.012518340169820896
2005-09-09,-0.01144292856084348
2005-09-16,-0.007997032963353079
2005-09-23,-0.0027095476877883433
2005-09-30,0.030296183026818524
2005-10-07,-0.006217277486480417
2005-10-14,0.013939882311717703
2005-10-21,-0.03840047126998628
2005-10-28,0.0012778237501776327
2005-11-04,0.01140215496573832
2005-11-11,-0.011202839033828606
2005-11-18,0.013778790868574179
2005-11-25,-0.005286493860845825
2005-12-02,-0.010102380005436059
2005-12-09,-0.0026948484311757337
2005-12-16,0.00494473686713076
2005-12-23,-0.0005619766065119713
2005-12-30,0.00013320865123025126
2006-01-06,-0.009093062706229083
2006-01-13,0.009466382580130234
2006-01-20,-0.0020019640185941663
2006-01-27,0.0318610098533992
2006-02-03,-0.039521624087558195
2006-02-10,-0.008092619703444253
2006-02-17,0.0099721979916891
2006-02-24,0.005752219535417694
2006-03-03,-0.004272689340140709
2006-03-10,0.010706653477347674
2006-03-17,0.0
2006-03-24,0.00667363028700892
2006-03-31,0.0035084716071928836
2006-04-07,-0.005650820035558057
2006-04-14,0.022372970723160746
2006-04-21,-0.014498533901158739
2006-04-28,-0.019575696510767977
2006-05-05,0.029552608986959807
2006-05-12,-0.02323007590534744
2006-05-19,-0.00857963875205259
2006-05-26,-0.0053470444984405514
2006-06-02,0.00792481133362995
2006-06-09,-0.011200293215223346
2006-06-16,-0.026392632082008628
2006-06-23,-0.009542318783909097
2006-06-30,-0.009800537015726881
2006-07-07,0.003598673831109086
2006-07-14,0.013653215866305466
2006-07-21,-0.0062184921681716215
2006-07-28,-0.03770737290001722
2006-08-04,-0.01825405854139765
2006-08-11,0.019426431518747546
2006-08-18,-0.06668340639820858
2006-08-25,-0.002096350850191775
2006-09-01,-0.03514251568253344
2006-09-08,0.017752751152074996
2006-09-15,-0.032695145971003065
2006-09-22,0.017828265921037385
2006-09-29,0.00813300280080568
2006-10-06,-0.008690728607680831
2006-10-13,-0.0028387733344386427
2006-10-20,0.031002208043367563
2006-10-27,-0.008895931610724973
2006-11-03,-0.0022157616073181416
2006-11-10,0.0010259038202607984
2006-11-17,0.003952579987447177
2006-11-24,0.0004584474885844618
2006-12-01,-0.018708034857289127
2006-12-08,0.004777386328540207
2006-12-15,0.023779461279461286
2006-12-22,-0.001789098675121355
2006-12-29,-0.002244208031786414
2007-01-05,-0.009367134710069797
2007-01-12,0.03248098047490751
2007-01-19,-0.013436856247884155
2007-01-26,0.0018257422026006593
2007-02-02,0.00665995979217306
2007-02-09,-0.0070065053465076885
2007-02-16,-0.010705066222527239
2007-02-23,0.004014118643791827
2007-03-02,0.02835367202031471
2007-03-09,-0.01665301782572211
2007-03-16,-0.004622555707139597
2007-03-23,0.0021920593586130382
2007-03-30,-0.0022607741141365545
2007-04-06,-0.002984232532969164
2007-04-13,0.0007755909317433227
2007-04-20,-0.0033667428712731056
2007-04-27,0.019528193920359038
2007-05-04,-0.003544111638079772
2007-05-11,0.006936439488251141
2007-05-18,0.0028519559972133663
2007-05-25,0.009723404072440952
2007-06-01,-0.0036879185485996584
2007-06-08,-0.008546734835140807
2007-06-15,0.01568678542656702
2007-06-22,-4.911395474559155e-06
2007-06-29,-0.00020212108241786896
2007-07-06,-0.003930923868479635
2007-07-13,0.022581356035694295
2007-07-20,0.0016249721950639482
2007-07-27,0.04759755194585467
2007-08-03,-0.00041632161154619984
2007-08-10,0.00947190175164551
2007-08-17,-0.009074965075707058
2007-08-24,0.0543567320444034
2007-08-31,0.022409870043277692
2007-09-07,0.012381193674566228
2007-09-14,0.00014790639944954262
2007-09-21,0.0
2007-09-28,0.015966130488960412
2007-10-05,-0.0037908910304097878
2007-10-12,-0.014255343411589957
2007-10-19,-0.001354576247241798
2007-10-26,-0.03974214143447869
2007-11-02,0.03422678280733386
2007-11-09,-0.01585995036903376
2007-11-16,-0.004584608059487793
2007-11-23,0.011482899342927455
2007-11-30,0.005317419730578636
2007-12-07,0.022010090297441796
2007-12-14,0.020001305199349652
2007-12-21,-0.002194136183181799
2007-12-28,-0.00968672385770162
2008-01-04,0.03997906325518834
2008-01-11,-0.0036970163647161228
2008-01-18,-0.0005151947597171365
2008-01-25,-0.053944225200604615
2008-02-01,-0.030272639283843935
2008-02-08,0.010759895067600684
2008-02-15,0.03665160354321581
2008-02-22,-0.006844106463878343
2008-02-29,-0.010759051101987122
2008-03-07,0.0036887085344019695
2008-03-14,-0.01046594464279843
2008-03-21,0.03563532702944623
2008-03-28,-0.03228176374128794
2008-04-04,-0.031053154843574068
2008-04-11,0.022673251124888175
2008-04-18,-0.043210753569730406
2008-04-25,-0.0017731804154850399
2008-05-02,-0.013957909855979094
2008-05-09,-0.014935310928607188
2008-05-16,-0.011160677542017217
2008-05-23,0.0072896591033701115
2008-05-30,0.004962284305582598
2008-06-06,-0.007132562553033093
2008-06-13,0.017338815711719382
2008-06-20,-0.010252808329516878
2008-06-27,-0.0014360187974705209
2008-07-04,0.0007514784526029689
2008-07-11,-0.004564113290480492
2008-07-18,-0.006502711925222435
2008-07-25,-0.0005460839178032528
2008-08-01,-0.023892585707936526
2008-08-08,0.0024849752621958765
2008-08-15,0.012478278236637622
2008-08-22,-0.008522266677126668
2008-08-29,0.026451379089899786
2008-09-05,0.043033754021773785
2008-09-12,0.09006711868076807
2008-09-19,0.0034501440165057304
2008-09-26,-0.001650059168286735
2008-10-03,0.02590920336007982
2008-10-10,-0.0005423241008779191
2008-10-17,-0.033047692199342366
2008-10-24,-0.018972169984177112
2008-10-31,0.03285743953611191
2008-11-07,0.027185957947554684
2008-11-14,0.021907977154588268
2008-11-21,-0.05596561993276703
2008-11-28,0.020222941560546492
2008-12-05,0.0012230852286631427
2008-12-12,-0.0332464119985768
2008-12-19,0.011810752936788828
2008-12-26,0.04641424863183198
2009-01-02,-0.04786240108755953
2009-01-09,-0.011796212970342852
2009-01-16,0.011590965580836013
2009-01-23,0.04064740909132114
2009-01-30,0.012290179817133892
2009-02-06,0.006911310032980053
2009-02-13,0.013603338961423905
2009-02-20,0.02077217508136386
2009-02-27,0.07989631037600227
2009-03-06,0.002205837370581387
2009-03-13,0.002951930836326805
2009-03-20,0.0006784874269945198
2009-03-27,-0.04919372014605186
2009-04-03,0.004746241141756442
2009-04-10,-0.0242877784209183
2009-04-17,-0.0023350491242118774
2009-04-24,-0.009994415505948814
2009-05-01,0.010867796452565286
2009-05-08,-0.06549571073248125
2009-05-15,-0.0020396758634415244
2009-05-22,0.029938167126235687
2009-05-29,0.03857988726986005
2009-06-05,0.013481527123697025
2009-06-12,-0.009068032898491393
2009-06-19,0.004087229445569494
2009-06-26,-0.009473319526347999
2009-07-03,-0.00046643005861805344
2009-07-10,0.021720385051886188
2009-07-17,0.012920152049590107
2009-07-24,-0.04490546965420388
2009-07-31,0.0025848694181738376
2009-08-07,-0.013380087345604585
2009-08-14,0.0043434544244815125
2009-08-21,0.0005658245436025813
2009-08-28,-0.0014306028465944087
2009-09-04,0.004559600741486996
2009-09-11,-0.006986048695236298
2009-09-18,0.015202751641399392
2009-09-25,-0.010429730954483017
2009-10-02,-0.016592834305067954
2009-10-09,0.008697358925038277
2009-10-16,-0.031394910155146484
2009-10-23,-0.025327497371260055
2009-10-30,0.004477627410982269
2009-11-06,0.0016023853191903976
2009-11-13,0.0
2009-11-20,0.012991180536436737
2009-11-27,0.0015539767837337761
2009-12-04,-0.020398631698387012
2009-12-11,-0.023891803120786276
2009-12-18,-0.032597819915181195
2009-12-25,0.007088829901583104
2010-01-01,-0.002357510426472807
2010-01-08,-0.01578701178370149
2010-01-15,0.006280391741331975
2010-01-22,0.020006761401094413
2010-01-29,-0.011878598572217219
2010-02-05,0.015930202681374885
2010-02-12,0.026061857202126018
2010-02-19,0.00823781631806418
2010-02-26,-0.016359921309486863
2010-03-05,0.002518645222336173
2010-03-12,0.0005454490754192385
2010-03-19,0.007329775391287503
2010-03-26,-0.010188517140078346
2010-04-02,0.014936488789815868
2010-04-09,-0.003940767018917694
2010-04-16,-0.002154134538538596
2010-04-23,-0.004112594115024307
2010-04-30,-0.006419229919186661
2010-05-07,0.0008863897410282262
2010-05-14,-0.007072226644669964
2010-05-21,0.006736452113580869
2010-05-28,0.012389058359915977
2010-06-04,-0.002321083584901131
2010-06-11,0.008775121123373808
2010-06-18,-0.0015431760102010772
2010-06-25,0.02771028636299825
2010-07-02,0.010794937024170193
2010-07-09,-0.0017779581354906808
2010-07-16,-0.000282506206187767
2010-07-23,0.008031451492912584
2010-07-30,-0.0007004124149834375
2010-08-06,-0.007274766863708591
2010-08-13,0.004854363871506877
2010-08-20,0.012509436239379609
2010-08-27,0.002523625734762909
2010-09-03,0.015574341415032483
2010-09-10,0.014928117676143843
2010-09-17,-0.011175572986056221
2010-09-24,-0.004282985630675747
2010-10-01,0.014520201437029425
2010-10-08,0.0055480024608449315
2010-10-15,-0.021041631224790927
2010-10-22,0.0
2010-10-29,-0.007289115182025664
2010-11-05,-0.010186984665358684
2010-11-12,-0.03743180296595883
2010-11-19,-0.00042739443112408543
2010-11-26,0.04607866508762067
2010-12-03,-0.014122703786067742
2010-12-10,0.0032724917924295376
2010-12-17,0.001543016301414569
2010-12-24,-0.00471251935447083
2010-12-31,-0.040925512463564594
2011-01-07,0.07065314823116435
2011-01-14,-0.038108682031065245
2011-01-21,-0.021281158412208376
2011-01-28,0.010700360337681588
2011-02-04,-0.004602963569744746
2011-02-11,0.0061117710397151845
2011-02-18,0.01565585832669062
2011-02-25,-0.006108679312218052
2011-03-04,-0.03967726943218214
2011-03-11,-0.03798192006278931
2011-03-18,0.013806724778647526
2011-03-25,0.025410623838041414
2011-04-01,-0.031183479031606322
2011-04-08,-0.01872796589864715
2011-04-15,0.022372367757699962
2011-04-22,0.00516529788213867
2011-04-29,-0.010363675840836006
2011-05-06,-0.00022529478137249016
2011-05-13,0.013514197350612895
2011-05-20,0.009163669448512102
2011-05-27,-0.012591794732581818
2011-06-03,0.008184003236477017
2011-06-10,0.020222981951104148
2011-06-17,-0.0009506381558477463
2011-06-24,0.02751495429179664
2011-07-01,-0.006043135226995103
2011-07-08,-0.0048373768348786705
2011-07-15,-0.029626500430158242
2011-07-22,-0.021006136181000185
2011-07-29,0.012158205979111159
2011-08-05,0.006377806466277966
2011-08-12,0.0008198617226469387
2011-08-19,0.008002441152865676
2011-08-26,0.007089679041553
2011-09-02,0.019814702138212827
2011-09-09,-0.007963895207302785
2011-09-16,-0.010901124114938827
2011-09-23,-0.0061724656586312175
2011-09-30,0.03654284060395222
2011-10-07,-0.029856927939055068
2011-10-14,0.010466541064505699
2011-10-21,-0.025127328410239826
2011-10-28,-0.030001879135767382
2011-11-04,0.020787198182990182
2011-11-11,-0.0002655191773697392
2011-11-18,-0.006782100139491282
2011-11-25,-0.002012751698161893
2011-12-02,0.03518403225280049
2011-12-09,0.0001877078593112147
2011-12-16,-0.026671561648643892
2011-12-23,-0.020251392829764882
2011-12-30,0.0027564148211445634
2012-01-06,-0.007202022827306587
2012-01-13,-0.006661205811754556
2012-01-20,-0.02205726874542773
2012-01-27,-0.012426181635443454
2012-02-03,0.0033573203785608094
2012-02-10,0.0002539051088019124
2012-02-17,-0.02527729712027761
2012-02-24,0.008025093280024246
2012-03-02,0.007713881082136109
2012-03-09,0.0034859851077236135
2012-03-16,0.001016913232519328
2012-03-23,-0.01964148771231792
2012-03-30,0.005239745304517818
2012-04-06,-0.010043783522052764
2012-04-13,-0.008374049180896036
2012-04-20,0.003102480817874455
2012-04-27,0.01025283466472256
2012-05-04,-0.01737932378836704
2012-05-11,0.0076675615208842696
2012-05-18,-0.015542834571579511
2012-05-25,0.012528425570555002
2012-06-01,0.0061840309004857295
2012-06-08,0.00454843745305903
2012-06-15,-0.009909923620571415
2012-06-22,-0.045072682227993655
2012-06-29,0.020511787936853265
2012-07-06,0.024541035743789
2012-07-13,-0.010516589916224211
2012-07-20,0.029944177992235657
2012-07-27,-0.010385954431446649
2012-08-03,0.006218482914281027
2012-08-10,0.02669185253226377
2012-08-17,-0.015334694608572804
2012-08-24,0.005194755414698013
2012-08-31,-0.001817428786514844
2012-09-07,0.00018153730373582193
2012-09-14,0.003960486480843499
2012-09-21,0.005351577081511497
2012-09-28,0.007326415462536318
2012-10-05,-0.00979379159561681
2012-10-12,-0.007910869431078365
2012-10-19,-0.014970515536375593
2012-10-26,0.0009371636042608813
2012-11-02,-0.01046807101352478
2012-11-09,-0.004631585449173657
2012-11-16,0.001003529827347474
2012-11-23,0.0003588797246698201
2012-11-30,0.004949686684134702
2012-12-07,0.028685088249525904
2012-12-14,0.0032114321199333364
2012-12-21,0.006556662571331824
2012-12-28,0.002168417231916463
2013-01-04,-0.007592363841014137
2013-01-11,0.002043194611389815
2013-01-18,0.03233439756185178
2013-01-25,0.02064600284766852
2013-02-01,-0.00029695619896064063
2013-02-08,0.0036309735035740167
2013-02-15,-0.0008706326463447937
2013-02-22,-0.0003227381619263685
2013-03-01,-0.009002586878564312
2013-03-08,0.020173547401113396
2013-03-15,-0.022101532599170068
2013-03-22,-0.005289950047026759
2013-03-29,0.004006178137740162
2013-04-05,0.008722011954481895
2013-04-12,-0.006632303927685695
2013-04-19,0.00650200660814805
2013-04-26,0.009401651825048521
2013-05-03,0.0
2013-05-10,-0.01120217469819118
2013-05-17,0.010200638862702675
2013-05-24,-0.008086699177300963
2013-05-31,-0.013529445793025728
2013-06-07,-0.003314366036920314
2013-06-14,-0.0012925108256231863
2013-06-21,0.018118752652672543
2013-06-28,0.002721999139059515
2013-07-05,-0.004352971632381332
2013-07-12,0.0026543063710746297
2013-07-19,-0.03559078497382179
2013-07-26,-0.0009663362550922198
2013-08-02,-0.004200222754281428
2013-08-09,-0.0041943348474880095
2013-08-16,-0.0365276484713013
2013-08-23,-0.013374583641476366
2013-08-30,-0.002407592610395323
2013-09-06,0.040707601412955
2013-09-13,-0.007798294428682923
2013-09-20,-0.007010657721165714
2013-09-27,0.016632137534000002
2013-10-04,0.0054464296650879596
2013-10-11,0.005382315242820087
2013-10-18,-0.0016532382526618372
2013-10-25,-0.016001447172038996
2013-11-01,-0.018330056507013637
2013-11-08,-0.05921352919155231
2013-11-15,0.007133561601742831
2013-11-22,-0.0009062696314535695
2013-11-29,0.014139678658692013
2013-12-06,0.009051177287934142
2013-12-13,-0.006070495282628634
2013-12-20,0.014461254586955831
2013-12-27,-0.012002480194620246
2014-01-03,0.00084580682693508
2014-01-10,0.007126430783499782
2014-01-17,-0.005850225801288061
2014-01-24,-0.005503836519612929
2014-01-31,-0.023638992702189346
2014-02-07,-0.00411455093374467
2014-02-14,-0.005392279418896011
2014-02-21,0.009121819200661664
2014-02-28,-0.0007797641137628278
2014-03-07,-0.0047256675452331046
2014-03-14,0.0015314466924102321
2014-03-21,0.020348084907112776
2014-03-28,-0.018466247017800787
2014-04-04,0.0018236351479815616
2014-04-11,-0.012471205538280314
2014-04-18,-0.015185514124782104
2014-04-25,-0.0016279764485648586
2014-05-02,0.0027018328349598377
2014-05-09,-0.027157509932829928
2014-05-16,0.007871792972661272
2014-05-23,0.002516604973557695
2014-05-30,0.002092694204504605
2014-06-06,-0.002820246433177132
2014-06-13,0.005341369954290595
2014-06-20,-0.021269705237759447
2014-06-27,-0.017172296115722182
2014-07-04,-0.0016851365333161068
2014-07-11,0.006961773673407556
2014-07-18,-0.006290467765230993
2014-07-25,0.023688377873530266
2014-08-01,0.011165310499180719
2014-08-08,0.003719067199968617
2014-08-15,0.013402082694552842
2014-08-22,-0.0032697624464506805
2014-08-29,-0.002533180117815727
2014-09-05,-0.02093533158186539
2014-09-12,0.00862063659390975
2014-09-19,0.0016235462368800104
2014-09-26,-0.006479614717469476
2014-10-03,0.006830208059307322
2014-10-10,-0.020005768470765014
2014-10-17,-0.005755192738681171
2014-10-24,0.016257604713526698
2014-10-31,0.0022277612109210167
2014-11-07,0.0031235058606960235
2014-11-14,-0.014564138936086156
2014-11-21,0.01535867983447118
2014-11-28,-0.006624290349355244
2014-12-05,0.03738658826076481
2014-12-12,-0.012343520609034965
2014-12-19,-0.005007065551472456
2014-12-26,-0.00029392599866606695
2015-01-02,-0.0052182965519367115
2015-01-09,0.044193181381791506
2015-01-16,-0.007128208135513381
2015-01-23,0.0014105941034110638
2015-01-30,0.01741152523215611
2015-02-06,0.0023323819190061434
2015-02-13,0.02422449180123802
2015-02-20,-0.01103523494595271
2015-02-27,0.022037867319641302
2015-03-06,0.0011535411881139455
2015-03-13,-0.004840922033931862
2015-03-20,-0.0031095971729661054
2015-03-27,0.0052292113316737
2015-04-03,0.009913117675167688
2015-04-10,0.0058107309459031215
2015-04-17,-0.013016257430413437
2015-04-24,0.03905367451846723
2015-05-01,-0.017727112462455008
2015-05-08,-0.023833855902800252
2015-05-15,-0.005598609429104708
2015-05-22,0.0052644259774836475
2015-05-29,0.004838760354652418
2015-06-05,-0.00036256455184467164
2015-06-12,0.009153672199831521
2015-06-19,-0.006778542799065496
2015-06-26,0.01632251487527364
2015-07-03,0.00014587359956477058
2015-07-10,-0.005279248666427224
2015-07-17,-0.030949219560473328
2015-07-24,0.0
2015-07-31,-0.0023004030245141003
2015-08-07,-0.05744318666012856
2015-08-14,0.000480018448435815
2015-08-21,-0.0023213991747934384
2015-08-28,0.017807841177066408
2015-09-04,-0.00043442728277750045
2015-09-11,0.002157427209629671
2015-09-18,0.002812949685503014
2015-09-25,-0.007582254692028925
2015-10-02,0.019903425538083438
2015-10-09,-0.002005604500112744
2015-10-16,0.008792511045397172
2015-10-23,-0.008482823262942918
2015-10-30,0.0
2015-11-06,-0.004443467737882772
2015-11-13,-0.004188161565210714
2015-11-20,-0.004169855931053566
2015-11-27,-0.0023239409201474453
2015-12-04,0.002151550071775017
2015-12-11,-0.004126827075786044
2015-12-18,0.009131613631376897
2015-12-25,0.004504978757619479
2016-01-01,-0.00015033261521189313
2016-01-08,-0.002501058504346766
2016-01-15,-0.05092840714449588
2016-01-22,0.02855791670383569
2016-01-29,0.007097674754417861
2016-02-05,-0.06119395875520732
2016-02-12,-0.002604166666666668
2016-02-19,0.0254994644379332
2016-02-26,-0.009154838291528921
2016-03-04,-0.01615760912275602
2016-03-11,0.011595160460842522
2016-03-18,-0.012808479346886888
2016-03-25,0.0049134113536560275
2016-04-01,-0.029317166111069194
2016-04-08,-0.0046387243475285445
2016-04-15,-0.01266725798618227
2016-04-22,0.015146953848821715
2016-04-29,-0.023675370898615503
2016-05-06,-0.019170588858663
2016-05-13,0.015226766475489702
2016-05-20,0.019167192748288445
2016-05-27,-0.0019984018768914123
2016-06-03,0.009873011769498247
2016-06-10,0.004282154387453237
2016-06-17,0.011747391931443122
2016-06-24,-0.005005801593270836
2016-07-01,-0.0004209413194892937
2016-07-08,0.017303206939679346
2016-07-15,-0.0015791899476281053
2016-07-22,-0.016093082670392517
2016-07-29,-0.03235079218752092
2016-08-05,0.00029965752853727823
2016-08-12,0.001775077633190552
2016-08-19,-0.0030880330151108653
2016-08-26,0.004987658055992105
2016-09-02,-0.0056422636102714425
2016-09-09,-0.003436087094233986
2016-09-16,0.05265026108350725
2016-09-23,-0.00530117575025065
2016-09-30,-0.008416973405441692
2016-10-07,0.013646188567640306
2016-10-14,-0.002220034125386368
2016-10-21,-0.009871447429318336
2016-10-28,-0.00984217275908376
2016-11-04,0.00018901953677944935
2016-11-11,0.017286975001730286
2016-11-18,0.01092196378226699
2016-11-25,0.006911460066577502
2016-12-02,-0.002831704202293764
2016-12-09,0.013267503152300221
2016-12-16,0.01458986467716979
2016-12-23,-0.01580961284416171
2016-12-30,-0.003251951418077011
2017-01-06,-0.015796817201169024
2017-01-13,-0.0013912207869299538
2017-01-20,-0.0031308234834547437
2017-01-27,0.023216281742219198
2017-02-03,0.014724100582108303
2017-02-10,0.0017697538953906182
2017-02-17,0.000956074028726368
2017-02-24,-0.006327890561696026
2017-03-03,-0.012427316679964088
2017-03-10,-0.010690542138982479
2017-03-17,0.0373437106523033
2017-03-24,0.012523006710543572
2017-03-31,0.012040656709762877
2017-04-07,0.02580100580535323
2017-04-14,0.009965259150930866
2017-04-21,-0.0007996245566427862
2017-04-28,-0.010721414649780565
2017-05-05,0.001589983887748966
2017-05-12,-0.024053402856680686
2017-05-19,-0.007943710272639865
2017-05-26,0.01523121944220664
2017-06-02,0.007196455381450266
2017-06-09,-0.005191667299895823
2017-06-16,-0.013068200809237002
2017-06-23,0.008639104497783785
2017-06-30,-0.019100548376013618
2017-07-07,-0.002505144409291154
2017-07-14,0.027288799064891824
2017-07-21,0.00681339954363815
2017-07-28,-0.009475522667859079
2017-08-04,0.006010491760529587
2017-08-11,-0.003568960646589182
2017-08-18,0.014495722195014436
2017-08-25,0.0034912053878125016
2017-09-01,0.002201927652841439
2017-09-08,-0.008146091636563196
2017-09-15,0.00929586993985676
2017-09-22,0.00573361532668006
2017-09-29,-0.0068616121188354775
2017-10-06,-0.001049830104365471
2017-10-13,0.002701794812383196
2017-10-20,-0.010447964331830595
2017-10-27,-0.018891147173195212
2017-11-03,-0.0021983774708570474
2017-11-10,-0.0032346445200746405
2017-11-17,-0.0013244439494966374
2017-11-24,-0.0011645271907834483
2017-12-01,0.02395566238608439
2017-12-08,-0.007576975506222048
2017-12-15,-0.02551267744388227
2017-12-22,0.01852627969926133
2017-12-29,0.0027999693545805635
2018-01-05,0.017722366157184442
2018-01-12,-0.0003837819522128187
2018-01-19,-0.002690414024392924
2018-01-26,0.013616226064480003
2018-02-02,0.00666492038347005
2018-02-09,-0.008199287296858631
2018-02-16,-0.001008483210793016
2018-02-23,8.75912433592925e-05
2018-03-02,-0.00013737702542628624
2018-03-09,0.0027251331599157796
2018-03-16,0.0058097750310683125
2018-03-23,0.009575524084702119
2018-03-30,-0.0031461557083018628
2018-04-06,-0.025923908347256365
2018-04-13,0.004632303341213895
2018-04-20,0.033696077665281036
2018-04-27,0.008034435366578163
2018-05-04,0.05536945831281555
2018-05-11,-0.006544007183071133
2018-05-18,0.0042509136771431985
2018-05-25,0.001322698259877333
2018-06-01,0.00010762039543047927
2018-06-08,0.0046302641731644015
2018-06-15,-0.05200498303372031
2018-06-22,4.1889828341485497e-05
2018-06-29,-0.017163981223751436
2018-07-06,-0.0028159128616018006
2018-07-13,0.007164747807734348
2018-07-20,-0.003584724379541402
2018-07-27,-0.030145420643731567
2018-08-03,0.027640117604615974
2018-08-10,0.009026886652237148
2018-08-17,-0.00864780322621378
2018-08-24,0.01056304701003341
2018-08-31,0.0036927978752162964
2018-09-07,-0.0046697524760734134
2018-09-14,-0.003597519443901371
2018-09-21,-0.0011456714485661434
2018-09-28,0.006483060070712957
2018-10-05,-0.018947042784490904
2018-10-12,-0.01528047806657225
2018-10-19,-0.011724199885946699
2018-10-26,-0.008229754337913137
2018-11-02,-0.020019462913081005
2018-11-09,-0.002565084275069518
2018-11-16,-0.013270006693594016
2018-11-23,-0.01233448735964395
2018-11-30,0.0055750389703471265
2018-12-07,0.014747912113857991
2018-12-14,-0.001045948128700699
2018-12-21,0.028593606730091814
2018-12-28,-0.017835408183723533
2019-01-04,0.0012603878587725652
2019-01-11,0.015017535093682527
2019-01-18,-0.07146806552649357
2019-01-25,-0.012034654908383603
2019-02-01,0.041553653970628594
2019-02-08,-0.01035173338410633
2019-02-15,0.00019844687359575272
2019-02-22,0.011981792427388595
2019-03-01,-0.0017723868087839976
2019-03-08,0.006218424067040429
2019-03-15,0.02999769997825737
2019-03-22,-0.009011839696882535
2019-03-29,0.00015798856180622954
2019-04-05,0.004824392915537823
2019-04-12,-0.00026827767253158937
2019-04-19,-0.0005290135883186564
2019-04-26,0.016145998989808747
2019-05-03,-0.0016097727019671621
2019-05-10,-0.018708299078272497
2019-05-17,-0.024626587145392766
2019-05-24,-0.02058339698676899
2019-05-31,0.00869781097264092
2019-06-07,0.013858038412195295
2019-06-14,0.003302827524606996
2019-06-21,0.0006598878261613317
2019-06-28,-0.013648267004939296
2019-07-05,0.00764572543416364
2019-07-12,-0.0406087127622682
2019-07-19,-0.03607804227704059
2019-07-26,0.008488829918671746
2019-08-02,0.00998666743525763
2019-08-09,0.016652156545749232
2019-08-16,-0.0005511543205331537
2019-08-23,-0.0016122951885497545
2019-08-30,0.014443456378228045
2019-09-06,0.0010896309029725573
2019-09-13,0.01280637329369823
2019-09-20,0.007318354975728062
2019-09-27,0.0008201678287782128
2019-10-04,0.0014918023957492714
2019-10-11,0.009823084605990351
2019-10-18,0.01756496886338932
2019-10-25,-0.043543152190953796
2019-11-01,-0.0023504431715530103
2019-11-08,-0.003792131965708087
2019-11-15,0.004678853597367397
2019-11-22,0.005108409436981874
2019-11-29,0.0008285126404199248
2019-12-06,0.0012201073413224965
2019-12-13,0.023023790819780673
2019-12-20,0.017346917076937626
2019-12-27,0.0
2020-01-03,0.0
2020-01-10,0.0075094811964547085
2020-01-17,0.004239362265631414
2020-01-24,-0.006587656005775655
2020-01-31,-0.0055608403184858775
2020-02-07,0.008741742195030953
2020-02-14,0.018927581920918184
2020-02-21,-0.002615092643155535
2020-02-28,0.0030483008554006846
2020-03-06,0.0002029511322838573
2020-03-13,-0.0010864557808140107
2020-03-20,-0.01503902539140431
2020-03-27,0.04351920413359129
2020-04-03,-0.030799481841537395
2020-04-10,0.04237442102012448
2020-04-17,0.0611232947700054
2020-04-24,0.007441443112883844
2020-05-01,0.00899222720519529
2020-05-08,0.01047075229240884
2020-05-15,0.01411312737057241
2020-05-22,-0.030604502606905577
2020-05-29,-0.0012727254464157817
2020-06-05,-0.03389559930004417
2020-06-12,0.0739757926806786
2020-06-19,0.03215936705887081
2020-06-26,0.005389210571766778
2020-07-03,0.007584449608052789
2020-07-10,0.0019135869897606989
2020-07-17,0.0
2020-07-24,-0.007489187304498915
2020-07-31,0.05050333534354134
2020-08-07,0.001998764833259668
2020-08-14,0.038613345134638224
2020-08-21,0.0
2020-08-28,0.0072528883096230805
2020-09-04,0.0028116177180100843
2020-09-11,-0.0040097337751754045
2020-09-18,-0.014751438998120314
2020-09-25,0.057867576661743025
2020-10-02,-0.005383123876209873
2020-10-09,-0.001541054706956757
2020-10-16,-0.005554810075046211
2020-10-23,-0.00903981852178161
2020-10-30,-0.011718192071961415
2020-11-06,0.06472433616114599
2020-11-13,-0.0029436560065028705
2020-11-20,0.05613939920640022
2020-11-27,-0.022163980055462662
2020-12-04,0.0008653144268012483
2020-12-11,-0.01982747701910342
2020-12-18,0.0015145128884543509
2020-12-25,0.006893839027708865
2021-01-01,-0.007948188045937034
2021-01-08,0.055494514897688425
2021-01-15,0.012672328973099908
2021-01-22,-0.01113827257385593
2021-01-29,0.012575972516845259
2021-02-05,0.0032896794002265466
2021-02-12,-0.021799394669020422
2021-02-19,0.014498325851924065
2021-02-26,-0.03608108960100135
2021-03-05,-0.035151177564614444
2021-03-12,0.01725472139258427
2021-03-19,-0.014176935204881634
2021-03-26,-0.014776934357105568
2021-04-02,0.020472127441285938
2021-04-09,-0.01100174770375654
2021-04-16,-0.016742619711674976
2021-04-23,-0.0008701913551342026
2021-04-30,0.014707286063146637
2021-05-07,0.06693425572939089
2021-05-14,0.018797607193053675
2021-05-21,0.0005261121512683178
2021-05-28,0.004696629375479247
2021-06-04,0.006483862365301813
2021-06-11,0.014069806028686774
2021-06-18,-0.004753396242142769
2021-06-25,-0.02094464532732428
2021-07-02,0.002000701663252428
2021-07-09,0.005929176129828055
2021-07-16,-0.01103632650890501
2021-07-23,0.02575384218903883
2021-07-30,0.002597108529753053
2021-08-06,0.009620136494200016
2021-08-13,-0.005041064000691448
2021-08-20,0.0037849052712692517
2021-08-27,-0.011695543805721038
2021-09-03,0.014457690839651647
2021-09-10,0.003931358804786863
2021-09-17,-0.005504737698788157
2021-09-24,-0.0027523953337564673
2021-10-01,-0.03931729379052682
2021-10-08,-0.0021746149949035676
2021-10-15,0.008653318176833754
2021-10-22,4.643414556032566e-05
2021-10-29,0.02409075224113037
2021-11-05,-0.003216155597903926
2021-11-12,5.961874900617392e-05
2021-11-19,-0.021525018349476656
2021-11-26,0.013936104659304132
2021-12-03,-0.015132514495096117
2021-12-10,-0.028272389827840635
2021-12-17,-0.037275641013940576
2021-12-24,0.06194175621190893
2021-12-31,-0.012619114080907302
2022-01-07,-0.05613422711596717
2022-01-14,0.007577452465204728
2022-01-21,-0.03574784105941266
2022-01-28,-0.0013677334011464488
2022-02-04,0.006367716766238887
2022-02-11,0.012922830539362494
2022-02-18,0.0019634524116892713
2022-02-25,0.004901745080150713
2022-03-04,0.026061420311179542
2022-03-11,0.0035419921540583536
2022-03-18,-0.013483900926726279
2022-03-25,0.01578176530419321
2022-04-01,0.008093183513996093
2022-04-08,0.09350903562613355
2022-04-15,0.027886602311133227
2022-04-22,-0.0077508114088513415
2022-04-29,-0.013377433301239246
2022-05-06,-0.022215890303447464
2022-05-13,-0.01893000948294769
2022-05-20,-0.020438963462970028
2022-05-27,-0.006616971653486185
2022-06-03,-0.026051381594672997
2022-06-10,0.04236588018311871
2022-06-17,0.004730712122417399
2022-06-24,-0.04279427555714799
2022-07-01,0.04670720671100044
2022-07-08,-0.04721443246834748
2022-07-15,0.014342574071497935
2022-07-22,-0.07049074216335607
2022-07-29,-0.023169409375145965
2022-08-05,-0.023715088877227637
2022-08-12,-0.006826086243399919
2022-08-19,0.007111292896727076
2022-08-26,-0.015888164395509607
2022-09-02,-0.011571477913382663
2022-09-09,0.01658858357132468
2022-09-16,-0.035960453294830164
2022-09-23,0.000755902892226339
2022-09-30,0.010565714708229292
2022-10-07,0.04608912565034451
2022-10-14,-0.04828118132997683
2022-10-21,0.026548201880063422
2022-10-28,0.01955443645799509
2022-11-04,-0.027755840349747485
2022-11-11,-0.02775291513591658
2022-11-18,0.01625243400963018
2022-11-25,-0.009792089228334296
2022-12-02,-0.020146850880866186
2022-12-09,0.013864248911342426
2022-12-16,0.005808785619265414
2022-12-23,0.011812786255461005
2022-12-30,0.00015912954386857782
2023-01-06,0.0018973176639883946
2023-01-13,0.01720232831789048
2023-01-20,-0.001387418785102422
2023-01-27,-0.07100054942795549
2023-02-03,-0.02149797630006648
2023-02-10,-0.0165564894708086
2023-02-17,-0.021876460608199144
2023-02-24,0.0006342893127151781
2023-03-03,0.0019514086524188843
2023-03-10,0.006410848418082128
2023-03-17,-0.017454607350334952
2023-03-24,0.01380059576608298
2023-03-31,0.030228343917247394
2023-04-07,-0.021683721117854694
2023-04-14,-0.0005843879251833731
2023-04-21,-0.02476521629027352
2023-04-28,0.01406894630526349
2023-05-05,0.03358086764454582
2023-05-12,0.024558627581288885
2023-05-19,0.00813020106900212
2023-05-26,-0.019763734716569302
2023-06-02,-0.03359758586111609
2023-06-09,-0.030491218205760395
2023-06-16,0.0
2023-06-23,-0.002874975600237731
2023-06-30,0.0017792546679223
2023-07-07,0.008085608914060329
2023-07-14,0.011389790622341578
2023-07-21,0.0
2023-07-28,0.020274340484784457
2023-08-04,0.0009351598353773225
2023-08-11,-0.049119113587211244
2023-08-18,-0.014622203405276942
2023-08-25,0.04723338528254415
2023-09-01,0.0006777534367293971
2023-09-08,-0.0025947404573771204
2023-09-15,0.0133685326626381
2023-09-22,0.006982073057093332
2023-09-29,0.0022781114769917336
2023-10-06,0.02120200402944207
2023-10-13,0.01710648649727725
2023-10-20,0.010575530557749475
2023-10-27,-0.006450799572381703
2023-11-03,0.006147059835534357
2023-11-10,-0.007096171453065216
2023-11-17,0.004768517240951949
2023-11-24,-0.0021411492491910655
2023-12-01,0.004668247576053441
2023-12-08,-0.007081541332440914
2023-12-15,-0.011480430419349616
2023-12-22,-0.0008779955191117756
2023-12-29,0.002269908551550237
2024-01-05,-0.0011890441938383432
2024-01-12,0.002037792906822395
2024-01-19,-0.0028810421805902306
2024-01-26,0.009296686552449859
2024-02-02,-0.004673377714555394
2024-02-09,-0.003511379645852946
2024-02-16,0.011611637800726899
2024-02-23,0.00834720623985337
2024-03-01,-0.01716067001747636
2024-03-08,0.04011713631519974
2024-03-15,-0.005323567545256757
2024-03-22,0.015346472251860862
2024-03-29,-0.002628569669412384
2024-04-05,-0.006176973585439945
2024-04-12,-0.005373787888402074
2024-04-19,0.023654935226487445
2024-04-26,0.032223148985503026
2024-05-03,-0.012896149441337539
2024-05-10,0.04107777499075152
2024-05-17,-0.003357332452061804
2024-05-24,-0.02844456454698287
2024-05-31,0.005440661274366524
2024-06-07,-0.006344070966678548
2024-06-14,-0.01188653632368843
2024-06-21,-3.972643599973666e-05
2024-06-28,-0.0013412950096937104
2024-07-05,-0.03744366230996017
2024-07-12,0.009219721671570555
2024-07-19,-0.03472310640436273
2024-07-26,-0.028464159986970154
2024-08-02,-0.008342395925737711
2024-08-09,-0.01652056824713029
2024-08-16,0.09269504186608482
2024-08-23,0.002605833109979064
2024-08-30,-0.011107968828557063
2024-09-06,0.03105059315148624
2024-09-13,-0.009850207014974674
2024-09-20,-0.0006448064699316278
2024-09-27,0.005799737069037378
2024-10-04,0.017238117490386784
2024-10-11,0.020478983682125158
2024-10-18,3.208967397786821e-05
2024-10-25,-0.01784416396391121
2024-11-01,0.0024439179348136678
2024-11-08,0.04592756974745795
2024-11-15,0.0
2024-11-22,0.002465621693152009
2024-11-29,-0.0016587874776029148
2024-12-06,0.0300107429443876
2024-12-13,-0.02436518089194436
2024-12-20,-0.0008283945160193484
2024-12-27,0.003133355698033006
2025-01-03,0.0116291181683435
2025-01-10,-0.004020194613446253
2025-01-17,-0.0036218495451919557
2025-01-24,0.0068584457609178
2025-01-31,0.032988420926103726
2025-02-07,-0.014765478733146396
2025-02-14,0.004057292504951033
2025-02-21,-0.021392618563549886
2025-02-28,-0.014748064328118628
2025-03-07,0.0004992611710948301
2025-03-14,0.00999040956300442
2025-03-21,0.0028606285372833056
2025-03-28,-0.0015483450496646851
2025-04-04,-0.013156464608209864
2025-04-11,-0.00031961594255895676
2025-04-18,0.0322519939985475
2025-04-25,-0.0586114176254557
2025-05-02,-0.0369978615766392
2025-05-09,-0.008757893495082877
2025-05-16,-0.06336047969252787
2025-05-23,0.008999672591534395
2025-05-30,-0.007938852708764637
2025-06-06,-0.0033332153975254002
2025-06-13,0.03997818225777885
2025-06-20,0.02328109370800465
2025-06-27,0.020524735984176475
2025-07-04,-0.025853646787915685
2025-07-11,-0.0074792783237003215
2025-07-18,0.016792417118185167
2025-07-25,-0.029232000176535784
2025-08-01,0.004542700364228547
2025-08-08,0.015137888364620267
2025-08-15,0.004010251771099187
2025-08-22,-0.0009874201429441176
2025-08-29,-0.00047992223958076563
2025-09-05,-0.03064659604972145
2025-09-12,0.021023008349589423
2025-09-19,-0.007412307788279501
2025-09-26,-0.004974194925733718
2025-10-03,0.0
2025-10-10,0.008079769874563547
2025-10-17,0.01118238832915151
2025-10-24,0.009504861273443374
2025-10-31,0.011179712020498854
2025-11-07,-0.007900049056164427
2025-11-14,0.0037948953870752603
2025-11-21,0.011534762421583617
2025-11-28,0.024425638493484673
2025-12-05,0.031845749933988886
2025-12-12,-0.01625429035403973
2025-12-19,-0.010839820467209715
2025-12-26,-0.0121384850204246
2026-01-02,0.0023074358873861143
2026-01-09,0.0019423836206367562
2026-01-16,0.020175420877349082
2026-01-23,0.0
2026-01-30,0.005833436369165206
2026-02-06,0.016560792692434986
2026-02-13,-0.008109887967814087
2026-02-20,-0.0006859021584173126
