Date,Momentum,Mean Reversion
2000-01-07,0.0,0.0
2000-01-14,0.0,0.0
2000-01-21,0.0,0.0
2000-01-28,0.0,0.0
2000-02-04,0.0,0.0
2000-02-11,0.0,-0.04225517137083297
2000-02-18,0.0,-0.02950324767604965
2000-02-25,0.0,-0.06040990910008207
2000-03-03,0.0,0.04688682206524385
2000-03-10,0.0,-0.36593349420246396
2000-03-17,0.0,0.11629200749888866
2000-03-24,0.0,-0.04193562185618504
2000-03-31,0.0,0.03933897581029977
2000-04-07,0.0,-0.008561792187329291
2000-04-14,-0.14248886084107878,-0.19235074201322994
2000-04-21,-0.01432048855987511,0.05656040314101955
2000-04-28,0.07282550743245027,-0.026643124690664058
2000-05-05,-0.02385642971044007,0.001717941379466086
2000-05-12,-0.06497838491270151,-0.08215062762295729
2000-05-19,0.1455007242256396,-0.17700025383639295
2000-05-26,0.08068358230859499,-0.05177535195371541
2000-06-02,-0.07242680462428974,0.0717902199686888
2000-06-09,-0.0012405003547494645,0.040196788587656775
2000-06-16,0.14419638150940398,-0.09537630070288201
2000-06-23,0.024226561710807993,-0.060112358080914606
2000-06-30,-0.0348551092337082,0.03462225214012179
2000-07-07,-0.0507742169738062,-0.016832287084575036
2000-07-14,-0.03356956404714839,0.16839524129922812
2000-07-21,0.01956851558987319,0.024988436389927243
2000-07-28,0.07731890757014982,0.03413136655903467
2000-08-04,0.03548404307691702,0.039533498067478925
2000-08-11,-0.009287939516760138,0.016524273152773973
2000-08-18,-0.03935370403338294,0.13350426541751687
2000-08-25,-0.04287008006371569,0.06498050696891047
2000-09-01,0.04751739860754507,-0.08637589348003645
2000-09-08,-0.057426557392239265,0.048172541880335776
2000-09-15,-0.03901108669435363,-0.01845613645787995
2000-09-22,-0.038473993051456525,0.05119682613182286
2000-09-29,-0.0689530191231014,-0.16880384072678162
2000-10-06,-0.02842208832055652,-0.0668104557526491
2000-10-13,0.01953136415627828,-0.0678266375084982
2000-10-20,-0.09378269815839137,0.011985234380611682
2000-10-27,-0.12734778662996427,0.043313115712218596
2000-11-03,0.00118240590673527,0.13501393988594904
2000-11-10,-0.07676979435071976,0.11252060611920628
2000-11-17,0.009813169884034982,0.04136411719061207
2000-11-24,-0.025452248802579163,0.012938727107398407
2000-12-01,0.10903706664615359,-0.023784610253923297
2000-12-08,0.002550613342893751,-0.002550613342893751
2000-12-15,0.07610786284912281,-0.020659560795130358
2000-12-22,0.16704138191523737,-0.05977310128137484
2000-12-29,0.02405694474758935,-0.04404297932945377
2001-01-05,-0.06202548468734613,0.06059609646550503
2001-01-12,-0.16465580458633866,0.16162469977493613
2001-01-19,-0.09601625641283731,-0.028159688319930203
2001-01-26,0.04557829805410555,0.011759998754715856
2001-02-02,0.13487175067160112,0.029778842789212757
2001-02-09,0.04767915246561516,0.03891203021751477
2001-02-16,-0.12392590791301661,0.14902142332994575
2001-02-23,0.021277708152784736,0.025069601497721347
2001-03-02,0.06329382296483717,-0.008073260581012763
2001-03-09,-0.05165975060123318,0.0472183344660596
2001-03-16,0.013427216493181494,-0.1224217866405131
2001-03-23,0.1729625389153036,-0.15483643697783284
2001-03-30,-0.028646362297548245,0.05686438732673778
2001-04-06,0.024610150040549676,0.11140018223607362
2001-04-13,-0.17425627561260995,0.17425627561260995
2001-04-20,0.0861600254925062,-0.1053069724746216
2001-04-27,-0.03209296119293766,0.07921425516991963
2001-05-04,-0.017732923922771256,-0.11368904654048094
2001-05-11,-0.09866304516870476,0.09165995665547035
2001-05-18,-0.005712167861895472,-0.0015863999014927126
2001-05-25,0.03243905669741013,0.07328474157208667
2001-06-01,-0.00413331589322415,-0.022204396894608996
2001-06-08,-0.002883570763901694,-0.05293508558983502
2001-06-15,-0.0960565573936047,0.08745597129487603
2001-06-22,-0.021408125425003102,0.013997357124942579
2001-06-29,0.04210996898017146,0.07619737161392233
2001-07-06,-0.02700532920766488,0.07086488292637352
2001-07-13,0.01810758343717045,0.02288389038937777
2001-07-20,-0.022819662715950515,0.061052949806734556
2001-07-27,-0.11498425515441321,0.11989450184301591
2001-08-03,0.026990006095177987,0.037203867538237234
2001-08-10,0.08600523542976071,-0.060966741368539225
2001-08-17,0.02492323662625843,-0.01767525396491676
2001-08-24,0.012859296365938225,-0.007429054093590624
2001-08-31,0.024003701353495575,-0.053304626168932244
2001-09-07,0.050209393443982606,-0.07725617706971362
2001-09-14,0.0014517529769155022,0.012027299846399608
2001-09-21,0.11464028670405263,-0.11464028670405263
2001-09-28,0.080542063091668,-0.080542063091668
2001-10-05,-0.1473698330612944,0.1473698330612944
2001-10-12,-0.06165811505234911,0.10245238107917323
2001-10-19,0.026967414421788252,0.019932685714202515
2001-10-26,-0.029188826856760008,-0.015794997380181492
2001-11-02,0.06217355314892743,0.014867157470556707
2001-11-09,-0.016166818019549403,-0.027578793194705208
2001-11-16,-0.06444556299010015,0.06324534726992923
2001-11-23,-0.0239088429966298,0.030886072286237146
2001-11-30,-0.02328712007552359,-0.1714410683758855
2001-12-07,0.04273533296305017,-0.06988591398024417
2001-12-14,-0.007886060289851355,0.007886060289851355
2001-12-21,-0.06717910338105051,0.07242399635210608
2001-12-28,0.05444530701060393,-0.05796050096697439
2002-01-04,0.03035810463840212,0.03870213471886674
2002-01-11,-0.0728055635110356,0.06173154345807685
2002-01-18,-0.03822191459220392,-0.00241218055310366
2002-01-25,0.1714072964534621,-0.1562400235784292
2002-02-01,0.030065233385558627,-0.019755546203777508
2002-02-08,-0.06585725553730273,-0.013405437881638095
2002-02-15,0.026949567478799064,-0.04264267994610508
2002-02-22,-0.04329661079162742,-0.05272321265579393
2002-03-01,0.03721345646597067,0.08924413281585959
2002-03-08,-0.03869219735289145,0.06658906118352492
2002-03-15,-0.006108871569567731,0.008397020415734938
2002-03-22,0.07143543585065433,-0.03794750953381787
2002-03-29,-0.012887934466399801,-0.011716556842835936
2002-04-05,0.024608970241419472,-0.04400592384852338
2002-04-12,0.047361035260875206,-0.05692656222491084
2002-04-19,-0.0106418204885389,0.006856941908549463
2002-04-26,0.14228583655652627,0.01621059267672109
2002-05-03,-0.03217591156801802,0.019814155598757394
2002-05-10,0.0225564283814423,-0.0225564283814423
2002-05-17,-0.06659913703509002,0.06659913703509002
2002-05-24,0.05494512130064924,0.018021424115360226
2002-05-31,-0.011075506054531187,0.042653565652967365
2002-06-07,-0.012795031108348232,-0.031358982533225555
2002-06-14,0.0071281665142352395,0.028289167734427943
2002-06-21,0.17643045365453514,-0.12163894355281064
2002-06-28,0.03933047948824787,-0.08590319052808815
2002-07-05,-0.10583646219997458,0.07798300588272829
2002-07-12,0.003013840957210065,0.06366162121827171
2002-07-19,0.0726584417760888,-0.0392925576109151
2002-07-26,-0.03449291058537818,0.12167476491615495
2002-08-02,0.07898972366927311,0.03796936695473563
2002-08-09,0.009238656771069605,0.004329159736064184
2002-08-16,-0.03187786634235816,0.038632352978088244
2002-08-23,-0.059227254417176314,0.06367169886162079
2002-08-30,0.018555115930535826,-0.03111451459361099
2002-09-06,0.04689278411660884,0.07822570614024402
2002-09-13,-0.010980717652739816,-0.034678930492635554
2002-09-20,0.012005206135052487,0.04523866701515496
2002-09-27,0.05858883190336668,-0.06691737947741097
2002-10-04,0.09251920382253942,-0.07426945527363722
2002-10-11,-0.046191276824852245,0.06921130508048257
2002-10-18,-0.025692178881559058,0.03733006937606479
2002-10-25,-0.11770090422040316,0.06905693014729349
2002-11-01,-0.12542723490756666,-0.11324453564153189
2002-11-08,-0.015726227477714832,0.06278263181576241
2002-11-15,0.04615951044937741,-0.06390399278730255
2002-11-22,0.06937215557500555,-0.1567066030708665
2002-11-29,0.005347339976084052,-0.021648730969593667
2002-12-06,-0.06743114743042287,0.04604608597352358
2002-12-13,-0.05540855222628864,0.027075727146728863
2002-12-20,0.00960207959402104,-0.024653295258105553
2002-12-27,-0.08272892657683709,-0.004881541518456918
2003-01-03,-0.008321288476536088,-0.005393423389976032
2003-01-10,0.021964113801434294,0.01156332529120992
2003-01-17,-0.018429649370548883,0.014037835410925698
2003-01-24,0.019571592993701776,0.05636694505122748
2003-01-31,-0.010101164251361872,0.011639244256880012
2003-02-07,0.0334966735442173,-0.04033567882548268
2003-02-14,-0.13110526171072173,0.11050741744527155
2003-02-21,0.005344402213589118,-0.00021693437881815675
2003-02-28,0.005171606777176763,-0.001464750365621067
2003-03-07,0.04564423526519612,-0.031424117622163676
2003-03-14,-0.014403111822524885,-0.001081122411709358
2003-03-21,-0.03168296142757361,-0.02463133054003415
2003-03-28,-0.009182205902485713,0.03567601217180638
2003-04-04,-0.04512082691505681,-0.0011551036949769555
2003-04-11,0.038463829464448596,-0.032557858296920004
2003-04-18,-0.033917714874697566,0.026657516610456976
2003-04-25,0.07295707088501616,0.05124725909666812
2003-05-02,0.03607387998132997,0.019722670203285404
2003-05-09,0.03326209657960889,-0.03326209657960889
2003-05-16,0.03528868724633604,-0.034679400188354796
2003-05-23,0.005146834449190913,-0.016290961553930804
2003-05-30,0.11766434290732844,-0.09664332188630742
2003-06-06,0.014514892707330527,0.020994628112924817
2003-06-13,-0.047317166301665936,0.04205598629414997
2003-06-20,-0.01661685512363975,0.07842429108542551
2003-06-27,-0.0074854927353340175,0.014031669187249926
2003-07-04,0.022230156240787058,-0.002758199608160963
2003-07-11,0.031962785681478104,0.011964911141378841
2003-07-18,-0.08035741562120784,0.032903056904823015
2003-07-25,0.07778735300823797,-0.014473011892857804
2003-08-01,-0.019564764379575918,0.016128896384845347
2003-08-08,-0.10735451810590464,-0.021759515141977083
2003-08-15,0.030404897850943798,-0.008614945964560878
2003-08-22,0.00048496665726740357,0.041114292133225976
2003-08-29,0.04194709198068361,-0.02012797831265445
2003-09-05,0.01390368971458374,0.007077523932187339
2003-09-12,-0.029644095676519672,-0.020150428723358184
2003-09-19,0.03880950459548416,-0.0052166371166063215
2003-09-26,0.011041849996597667,0.08296553626297494
2003-10-03,0.03597890216785944,-0.03246721295732165
2003-10-10,0.06938430986682485,-0.008869119698370969
2003-10-17,-0.012750924004182394,-0.001989417962121154
2003-10-24,-0.037204335727496554,0.0056815286411263655
2003-10-31,-0.0486084466396424,0.01344940283111695
2003-11-07,-0.05944445044979205,-0.09077749549282417
2003-11-14,-0.0917048358945494,0.028210694560575712
2003-11-21,-0.025922241099785026,-0.0256416933736651
2003-11-28,0.033896177656003085,0.042546109284351714
2003-12-05,-0.020788848363132884,-0.005351461593846288
2003-12-12,-0.006263807925971698,-0.03487458607085218
2003-12-19,-0.009889216130354834,-0.03602938432307064
2003-12-26,0.010862069579484877,0.041985267167903996
2004-01-02,-0.007141059347893292,-0.018137006855089566
2004-01-09,-0.009886456677839127,0.005647934692250111
2004-01-16,-0.022580095699922843,0.02620609932592647
2004-01-23,-0.030095395068755578,0.03499235923753685
2004-01-30,0.007226261546351163,0.028444104471229616
2004-02-06,0.03803540638602495,-0.02619242481336681
2004-02-13,-0.0003649257602798741,0.007033707824755654
2004-02-20,0.01913724065250625,-0.0030737485686576447
2004-02-27,-0.000853371615722744,-0.033443411766811905
2004-03-05,0.05009110870484949,-0.05009110870484949
2004-03-12,0.03735554292491727,-0.027234879274841837
2004-03-19,-0.01782294105667378,0.04171012689923655
2004-03-26,0.05824603956965565,0.03459898067298242
2004-04-02,-0.03669527909526904,0.005161014318524043
2004-04-09,-0.010647467680164705,-0.024367324665264513
2004-04-16,0.019469823770188313,0.07599033010166699
2004-04-23,-0.0682356416044623,0.03746582753801293
2004-04-30,0.019452457201283486,-0.025702780496324424
2004-05-07,0.010801065948000938,-0.010409344673928175
2004-05-14,0.006080964125048808,-0.019453229330690564
2004-05-21,0.007484414558355171,0.006259956289689302
2004-05-28,-0.08907515823740099,0.08635760954341067
2004-06-04,0.0061575416050968475,-0.000972823104223159
2004-06-11,0.025190229730140068,-0.016810436492406954
2004-06-18,0.02670443485030697,-0.027243074642228825
2004-06-25,0.02554356158619664,-0.021920688599938933
2004-07-02,-0.021411060145747195,0.02281951711630622
2004-07-09,0.0030605673948559814,0.005852637125660677
2004-07-16,0.06578738329855158,-0.018035479735697194
2004-07-23,0.04394903973420782,-0.026367520999032314
2004-07-30,0.006438728257492142,0.0024566503415696887
2004-08-06,0.12726572131745037,-0.13891695559289857
2004-08-13,-0.05560934717566001,0.04649069616271672
2004-08-20,-0.06691909701904271,0.05072541415869313
2004-08-27,0.0024737204096137626,0.030717915629460284
2004-09-03,0.030382759132722,-0.007424383664971113
2004-09-10,-0.005148836533302925,-0.05089435445380822
2004-09-17,-0.001012935236084372,-0.024249662369891196
2004-09-24,0.015257117571187934,0.011338325182142655
2004-10-01,-0.003758615676872341,-0.059998716372382445
2004-10-08,0.04293631569794509,-0.006426799899552041
2004-10-15,0.08633236465765386,-0.0901907064720956
2004-10-22,0.03871014013969875,-0.10743833867071813
2004-10-29,0.006448484724580601,-0.03644502541896828
2004-11-05,-0.06464438362403667,0.10976269717835221
2004-11-12,-0.005485136021222957,-0.01924480048938592
2004-11-19,0.025863516064644577,-0.0010499753292173921
2004-11-26,0.09291295740690303,-0.060233138405348274
2004-12-03,-0.007928031261333863,-0.006176449210859691
2004-12-10,0.053207674124234286,-0.05371650668951855
2004-12-17,-0.006871222155420388,0.037754067286141904
2004-12-24,0.00973014758942777,0.009233485977230876
2004-12-31,-0.0355899736302819,0.039940560033954735
2005-01-07,0.026299442532033233,0.048133203045879314
2005-01-14,-0.007194440992867071,-0.049541391623796296
2005-01-21,0.002208382355977423,0.03130249735244161
2005-01-28,0.03094390326645046,0.0016684766128104087
2005-02-04,-0.009532838048428999,-0.041060587689271524
2005-02-11,-0.010653928825035536,-0.024159534741285515
2005-02-18,0.09234116700333533,-0.06776926103075503
2005-02-25,0.03196909708425866,-0.03196909708425866
2005-03-04,-0.03732699477710325,0.03245507901409842
2005-03-11,-0.04053335263985588,0.03541432517445967
2005-03-18,0.046131738836647264,-0.013802034717140699
2005-03-25,0.0035877516599435895,0.0370877935672688
2005-04-01,-0.01128471775825094,0.006450916127993721
2005-04-08,0.004787296776933346,-0.04135442321053258
2005-04-15,-0.05378966789848885,0.008776777806970611
2005-04-22,-0.04358559699140352,-0.018600464651797096
2005-04-29,-0.010665257840663779,-0.013842497666710047
2005-05-06,-0.009211266657408644,0.018369262224579873
2005-05-13,-0.003977657808468517,-0.038727883721633494
2005-05-20,-0.03212279060852722,-0.01190484441734766
2005-05-27,-0.0264887414937212,-0.027876273984587547
2005-06-03,0.005661797260722063,-0.01959406437502005
2005-06-10,0.0026456533706934824,0.02417442179402618
2005-06-17,-0.03961469454752027,-0.013375654353012948
2005-06-24,0.031927803046111564,-0.023860571746969057
2005-07-01,-0.011618009641461608,-0.010245777899976122
2005-07-08,-0.03928450191407299,0.026662585677698893
2005-07-15,-0.014893747320541788,-0.008697349828236852
2005-07-22,-0.0046197377080512015,-0.01842173694632665
2005-07-29,0.0010502731858608155,-0.04060908011811685
2005-08-05,0.019762038213661032,0.013966199976257254
2005-08-12,0.01747403731056311,0.008600774683289495
2005-08-19,-0.027224833242880348,0.012306984974681301
2005-08-26,0.016951955686955844,0.001080826388339804
2005-09-02,-0.010143276969711104,-0.014893403369930686
2005-09-09,0.045949001548662174,-0.06883485867034914
2005-09-16,-0.004844389337517592,-0.011149676589188565
2005-09-23,0.031205472699951033,-0.03662456807552772
2005-09-30,0.04135251639081975,0.019239849662817294
2005-10-07,-0.02433014936081753,0.011895594387856697
2005-10-14,-0.011535876934294882,0.03941564155773029
2005-10-21,0.016093932995868032,-0.0928948755358406
2005-10-28,-0.0675841448793204,0.07013979237967567
2005-11-04,0.061793533763520814,-0.03898922383204417
2005-11-11,-0.019114267299472035,-0.0032914107681851785
2005-11-18,-0.012962367649255919,0.040519949386404276
2005-11-25,0.04846781290101068,-0.05904080062270233
2005-12-02,-0.00438748530492176,-0.01581727470595036
2005-12-09,0.020191352379091605,-0.025581049241443072
2005-12-16,0.005830258584818964,0.004059215149442557
2005-12-23,0.015982162452066257,-0.0171061156650902
2005-12-30,-0.006492667254886099,0.0067590845573466014
2006-01-06,0.026167818587754518,-0.04435394400021268
2006-01-13,0.04683260995551919,-0.02789984479525872
2006-01-20,-0.05554597877661563,0.051542050739427296
2006-01-27,0.01800415387174307,0.045717865835055334
2006-02-03,-0.03192777200717826,-0.04711547616793813
2006-02-10,-0.026401731490888498,0.010216492083999993
2006-02-17,0.026172398207092423,-0.006228002223714224
2006-02-24,0.007314797690178472,0.004189641380656916
2006-03-03,0.02224567984903791,-0.030791058529319328
2006-03-10,0.03679594556525545,-0.015382638610560103
2006-03-17,0.00464831763690828,-0.00464831763690828
2006-03-24,0.037286227522122885,-0.023938966948105045
2006-03-31,-0.02022478570275617,0.02724172891714194
2006-04-07,-0.02608819372146246,0.014786553650346344
2006-04-14,0.013951268756335938,0.030794672689985553
2006-04-21,-0.020743933457725072,-0.008253134344592405
2006-04-28,0.012753365184575448,-0.0519047582061114
2006-05-05,0.062209548615336854,-0.003104330641417243
2006-05-12,-0.02013206489123827,-0.026328086919456612
2006-05-19,-0.0215988999257765,0.00443962242167132
2006-05-26,-0.021293482133591796,0.010599393136710693
2006-06-02,0.019925452111365313,-0.0040758294441054135
2006-06-09,0.022444477907695548,-0.04484506433814224
2006-06-16,-0.0246130099052444,-0.028172254258772858
2006-06-23,0.013267138190503885,-0.03235177575832208
2006-06-30,-0.029699109389108913,0.01009803535765515
2006-07-07,0.022967678399921088,-0.015770330737702915
2006-07-14,0.05770455652276247,-0.030398124790151537
2006-07-21,-0.0777379184556494,0.06530093411930615
2006-07-28,-0.07294856510382063,-0.002466180696213821
2006-08-04,-0.00023418049498887504,-0.03627393658780642
2006-08-11,0.034219192906728105,0.004633670130766985
2006-08-18,-0.09569909574701674,-0.037667717049400404
2006-08-25,0.01209835139246081,-0.01629105309284436
2006-09-01,-0.06662378727652651,-0.003661244088540367
2006-09-08,-0.0004145064556537355,0.03592000875980373
2006-09-15,-0.004911648027504503,-0.06047864391450163
2006-09-22,0.022495470055375628,0.01316106178669914
2006-09-29,0.0010426740513410637,0.015223331550270298
2006-10-06,-0.011816857907538836,-0.005564599307822828
2006-10-13,0.03765398842823382,-0.04333153509711111
2006-10-20,-0.01468371297532911,0.07668812906206424
2006-10-27,-0.06683216783910498,0.04904030461765503
2006-11-03,-0.00018773835445136822,-0.004243784860184915
2006-11-10,0.020374763759149185,-0.01832295611862759
2006-11-17,0.047694834658703986,-0.03978967468380963
2006-11-24,0.025474734797003018,-0.024557839819834094
2006-12-01,-0.07096793817721872,0.033551868462640466
2006-12-08,-0.032069871457992484,0.0416246441150729
2006-12-15,0.01716484058420146,0.030394081974721113
2006-12-22,0.003240539710082941,-0.006818737060325651
2006-12-29,-0.004933643767257874,0.0004452277036850463
2007-01-05,-0.06049851112408758,0.041764241703947984
2007-01-12,0.029200104355449757,0.03576185659436526
2007-01-19,-0.023020158796239268,-0.0038535536995290406
2007-01-26,-0.0004842378599148418,0.0041357222651161605
2007-02-02,-0.013706501128913917,0.027026420713260037
2007-02-09,-0.036358925466097015,0.02234591477308164
2007-02-16,-0.013066386722594336,-0.008343745722460142
2007-02-23,-0.009839730990284087,0.01786796827786774
2007-03-02,0.03054863443083574,0.026158709609793683
2007-03-09,-0.01998403970620847,-0.013321995945235754
2007-03-16,0.020978638490087926,-0.03022374990436712
2007-03-23,-0.02491533835733868,0.029299457074564758
2007-03-30,0.011767204950621113,-0.016288753178894222
2007-04-06,-0.010868129279015374,0.004899664213077046
2007-04-13,-0.014163407174934507,0.015714589038421153
2007-04-20,0.014792237881099993,-0.021525723623646204
2007-04-27,0.12728529935082633,-0.08822891151010825
2007-05-04,0.006500950375535811,-0.013589173651695355
2007-05-11,0.025555659790933806,-0.011682780814431524
2007-05-18,0.0013269270807300475,0.004376984913696685
2007-05-25,0.03482936959253306,-0.015382561447651159
2007-06-01,0.0016374787829587971,-0.009013315880158114
2007-06-08,0.055369267160039794,-0.07246273683032141
2007-06-15,0.0033650599202653293,0.028008510932868713
2007-06-22,0.05250941150460249,-0.05251923429555161
2007-06-29,-0.027540895038377977,0.02713665287354224
2007-07-06,0.03703508829387895,-0.04489693603083822
2007-07-13,0.046297653080901904,-0.001134941009513316
2007-07-20,0.004160578906448869,-0.0009106345163209725
2007-07-27,0.09277903149676632,0.0024160723949430106
2007-08-03,-0.06615830396728643,0.06532566074419403
2007-08-10,-0.020403957817650215,0.039347761320941234
2007-08-17,-0.01839093584599849,0.00024100569458437512
2007-08-24,0.07775755804070142,0.03095590604810538
2007-08-31,0.0413992333745546,0.003420506712000778
2007-09-07,0.01044719899931749,0.014315188349814968
2007-09-14,-0.01801719557188134,0.018313008370780426
2007-09-21,0.03165667067878197,-0.03165667067878197
2007-09-28,0.040586019568815836,-0.008653758590895011
2007-10-05,0.003454611649012838,-0.011036393709832414
2007-10-12,-0.005832955951921459,-0.022677730871258454
2007-10-19,0.026920490260913213,-0.02962964275539681
2007-10-26,-0.08165655585610648,0.0021722729871491014
2007-11-02,0.10312229548707859,-0.034668729872410875
2007-11-09,-0.08700833263821946,0.05528843190015194
2007-11-16,-0.006488013222049466,-0.002681202896926119
2007-11-23,0.017469055541305435,0.005496743144549473
2007-11-30,-0.05771376010465039,0.06834859956580766
2007-12-07,0.0020088853371249583,0.04201129525775863
2007-12-14,-0.011958601496986946,0.05196121189568625
2007-12-21,0.008057470209105296,-0.012445742575468894
2007-12-28,0.0030457206882148853,-0.022419168403618125
2008-01-04,0.009741443010096683,0.07021668350027999
2008-01-11,0.035806498554244004,-0.04320053128367625
2008-01-18,0.00985140953833526,-0.010881799057769533
2008-01-25,-0.05768736298521478,-0.05020108741599446
2008-02-01,-0.024468889697292072,-0.0360763888703958
2008-02-08,0.009471402231969368,0.012048387903232
2008-02-15,0.027008883605980562,0.046294323480451066
2008-02-22,0.030318203728358622,-0.04400641665611531
2008-02-29,-0.010672953463977933,-0.010845148739996311
2008-03-07,0.044479777713425,-0.03710236064462106
2008-03-14,0.02128219389923225,-0.04221408318482911
2008-03-21,0.017252639353546817,0.054018014705345646
2008-03-28,-0.08262472384041526,0.018061196357839385
2008-04-04,-0.004190162154150835,-0.0579161475329973
2008-04-11,0.006814796660959965,0.038531705588816384
2008-04-18,-0.04772784711003013,-0.038693660029430685
2008-04-25,-0.002727355363421688,-0.0008190054675483917
2008-05-02,-0.04243964718377876,0.014523827471820572
2008-05-09,0.005301765118486753,-0.03517238697570113
2008-05-16,-0.023873461083832558,0.0015521059997981243
2008-05-23,-0.04561610798450262,0.060195426191242844
2008-05-30,0.052014182503844,-0.042089613892678804
2008-06-06,0.004849674143853214,-0.0191147992499194
2008-06-13,-0.05228545986083521,0.08696309128427397
2008-06-20,-0.0027550313002501926,-0.017750585358783565
2008-06-27,-0.003784784595041432,0.0009127470001003904
2008-07-04,0.10379254439462868,-0.10228958748942274
2008-07-11,0.04317349500002269,-0.05230172158098367
2008-07-18,-0.09434963645182788,0.08134421260138301
2008-07-25,-0.05042123293383105,0.049329065098224545
2008-08-01,-0.01561410470644442,-0.03217106670942863
2008-08-08,0.030524319658209228,-0.025554369133817475
2008-08-15,-0.05083873819653684,0.07579529466981208
2008-08-22,-0.02778008546420222,0.010735552109948884
2008-08-29,0.012686038594223719,0.04021671958557586
2008-09-05,0.02980170404481623,0.05626580399873134
2008-09-12,0.0863730099072415,0.09376122745429463
2008-09-19,-0.0004208823276111301,0.007321170360622591
2008-09-26,-0.005873230834762211,0.002573112498188741
2008-10-03,0.16046904131009235,-0.10865063458993271
2008-10-10,-0.02557292578491081,0.02448827758315497
2008-10-17,-0.024345430828218904,-0.041749953570465834
2008-10-24,-0.0009085709382602863,-0.03703576903009394
2008-10-31,-0.12266495354354157,0.18837983261576538
2008-11-07,0.068867472141793,-0.014495556246683639
2008-11-14,0.06732622938809751,-0.02351027507892098
2008-11-21,-0.029554938755692896,-0.08237630110984116
2008-11-28,-0.08362102316680012,0.1240669062878931
2008-12-05,-0.071631281520565,0.07407745197789128
2008-12-12,-0.11137450903690965,0.04488168503975605
2008-12-19,0.005323779712152733,0.018297726161424922
2008-12-26,0.029954713861778795,0.06287378340188517
2009-01-02,-0.05901504146628221,-0.036709760708836844
2009-01-09,0.012195176233776084,-0.03578760217446179
2009-01-16,0.06341410924714522,-0.04023217808547319
2009-01-23,-0.013350367402343485,0.09464518558498576
2009-01-30,0.02584916306893703,-0.0012688034346692474
2009-02-06,-0.04408197492050703,0.057904594986467134
2009-02-13,-0.0445544773545723,0.07176115527742011
2009-02-20,0.05079268181461808,-0.009248331651890358
2009-02-27,0.04972665545471417,0.11006596529729036
2009-03-06,0.09237969867359494,-0.08796802393243217
2009-03-13,-0.10429792963518053,0.11020179130783414
2009-03-20,0.01840665329092054,-0.0170496784369315
2009-03-27,-0.03755571333918609,-0.060831726952917636
2009-04-03,0.07133438098487417,-0.06184189870136129
2009-04-10,0.03348371431955081,-0.0820592711613874
2009-04-17,0.0036847621505035066,-0.008354860398927261
2009-04-24,0.0006367848003542332,-0.02062561581225186
2009-05-01,-0.015337891214158331,0.0370734841192889
2009-05-08,-0.10530116521328468,-0.025690256251677836
2009-05-15,-0.051126256971424436,0.04704690524454139
2009-05-22,-0.01076480066468947,0.07064113491716084
2009-05-29,0.050572985568262833,0.026586788971457272
2009-06-05,-0.043235645304193396,0.07019869955158745
2009-06-12,0.0021408114226566174,-0.020276877219639403
2009-06-19,0.02813243822578363,-0.019957979334644643
2009-06-26,0.0028900151171947427,-0.02183665416989074
2009-07-03,-0.02488080747266789,0.023947947355431782
2009-07-10,0.024020172584388783,0.019420597519383593
2009-07-17,-0.03438573303262774,0.06022603713180796
2009-07-24,-0.05516520234204583,-0.03464573696636193
2009-07-31,0.01754825131038662,-0.012378512474038945
2009-08-07,0.027432453216666687,-0.05419262790787586
2009-08-14,0.015017034768500656,-0.006330125919537632
2009-08-21,-0.0015698490583008562,0.002701498145506019
2009-08-28,0.02600123751077743,-0.028862443203966248
2009-09-04,0.023568091197045202,-0.01444888971407121
2009-09-11,-0.017281484353889837,0.0033093869634172415
2009-09-18,-0.011016213453771644,0.04142171673657043
2009-09-25,-0.032828548262879835,0.011969086353913801
2009-10-02,-0.00035552151499103866,-0.03283014709514487
2009-10-09,0.009422236685791304,0.00797248116428525
2009-10-16,-0.0377101121125392,-0.025079708197753774
2009-10-23,0.02214145996197721,-0.07279645470449732
2009-10-30,0.015653699484223346,-0.006698444662258808
2009-11-06,-0.008795225604580091,0.011999996242960886
2009-11-13,0.03082091624997174,-0.03082091624997174
2009-11-20,-0.001618116067363987,0.027600477140237462
2009-11-27,0.023708197829687028,-0.020600244262219475
2009-12-04,-0.030689722526153315,-0.01010754087062071
2009-12-11,-0.023052182817282607,-0.024731423424289946
2009-12-18,-0.02240815580321006,-0.04278748402715234
2009-12-25,0.012865183313543728,0.0013124764896224796
2010-01-01,0.013372280146795625,-0.01808730099974124
2010-01-08,-0.03247636872617554,0.0009023451587725599
2010-01-15,-0.04223973427012221,0.05480051775278616
2010-01-22,0.016868421600129017,0.02314510120205981
2010-01-29,-0.016546908253198787,-0.00721028889123565
2010-02-05,-0.0009003361830662478,0.03276074154581602
2010-02-12,0.02135484508583659,0.03076886931841545
2010-02-19,-0.015150186806428951,0.03162581944255731
2010-02-26,-0.0220648438538212,-0.010654998765152525
2010-03-05,-0.013021645980288614,0.01805893642496096
2010-03-12,0.019515256154696216,-0.01842435800385774
2010-03-19,-0.0028365953168466946,0.0174961460994217
2010-03-26,0.023206939741963084,-0.043583974022119776
2010-04-02,0.014094116282148333,0.015778861297483404
2010-04-09,-0.0011366408932166339,-0.0067448931446187545
2010-04-16,0.015832868283609934,-0.020141137360687126
2010-04-23,0.03342149333620648,-0.041646681566255096
2010-04-30,-0.012230655774452223,-0.0006078040639210993
2010-05-07,-0.013303711022543317,0.01507649050459977
2010-05-14,0.037235435747326975,-0.051379889036666904
2010-05-21,-0.004183109610087315,0.017656013837249053
2010-05-28,0.004368993900952576,0.020409122818879376
2010-06-04,0.004220782822567472,-0.008862949992369733
2010-06-11,0.01753800179201629,1.2240454731323944e-05
2010-06-18,0.008225279211896863,-0.011311631232299018
2010-06-25,0.04326570789286839,0.01215486483312811
2010-07-02,0.04537430628089967,-0.023784432232559282
2010-07-09,-0.02512300981642198,0.02156709354544062
2010-07-16,-0.00770741739298238,0.007142404980606846
2010-07-23,-0.009696562619706268,0.025759465605531436
2010-07-30,0.039642970610410735,-0.04104379544037761
2010-08-06,-0.027816218598687954,0.013266684871270772
2010-08-13,-0.004921994130421601,0.014630721873435355
2010-08-20,-0.01108363466843406,0.03610250714719328
2010-08-27,0.00024838412043689216,0.004798867349088926
2010-09-03,0.019631747185138534,0.01151693564492643
2010-09-10,0.02109756175605574,0.008758673596231947
2010-09-17,-0.02979584715124939,0.007444701179136945
2010-09-24,-0.01786905882350276,0.009303087562151265
2010-10-01,-0.02673161088538571,0.05577201375944456
2010-10-08,0.004072543773364969,0.007023461148324894
2010-10-15,0.05391234004553613,-0.09599560249511799
2010-10-22,0.0025166110504991615,-0.0025166110504991615
2010-10-29,-0.04987032185083461,0.035292091486783285
2010-11-05,-0.040836679141682986,0.020462709810965617
2010-11-12,0.012691248238762519,-0.08755485417068017
2010-11-19,0.04019409184736493,-0.0410488807096131
2010-11-26,0.08687912702358258,0.005278203151658759
2010-12-03,-0.0496724105037218,0.021427002931586316
2010-12-10,-0.016005556957448576,0.02255054054230765
2010-12-17,-0.007014671633883619,0.010100704236712757
2010-12-24,-0.018543786970831956,0.009118748261890295
2010-12-31,-0.027874048028337855,-0.05397697689879133
2011-01-07,0.13521468106942164,0.00609161539290707
2011-01-14,0.025214090551336724,-0.10143145461346721
2011-01-21,-0.042901294782974025,0.0003389779585572725
2011-01-28,0.03725806630227879,-0.015857345626915615
2011-02-04,0.03723287405167393,-0.04643880119116342
2011-02-11,-0.02278419055737224,0.03500773263680261
2011-02-18,0.04061582364273393,-0.00930410698935269
2011-02-25,-0.037860362419509845,0.02564300379507374
2011-03-04,-0.05738110405076539,-0.021973434813598886
2011-03-11,-0.03614953191329706,-0.03981430821228156
2011-03-18,0.025125607320803375,0.0024878422364916775
2011-03-25,0.009437412887176217,0.041383834788906615
2011-04-01,-0.07298273636491011,0.010615778301697465
2011-04-08,-0.005660611145310578,-0.03179532065198372
2011-04-15,-0.005092648378170285,0.04983738389357021
2011-04-22,0.01540564468989384,-0.005075048925616499
2011-04-29,-0.03371467031950947,0.012987318637837458
2011-05-06,-0.002054299725601484,0.0016037101628565038
2011-05-13,0.05050173763753777,-0.02347334293631198
2011-05-20,0.015827562243135196,0.0024997766538890076
2011-05-27,-0.008393562688274181,-0.016790026776889455
2011-06-03,0.023866077462772434,-0.0074980709898184
2011-06-10,0.008661453228165469,0.031784510674042823
2011-06-17,0.007722854588264272,-0.009624130899959765
2011-06-24,0.03600179679025243,0.01902811179334085
2011-07-01,-0.004725437341392892,-0.007360833112597314
2011-07-08,0.031474132554057066,-0.04114888622381441
2011-07-15,-0.029108045880800258,-0.030144954979516227
2011-07-22,-0.03411010556930605,-0.007902166792694322
2011-07-29,0.053509504599428714,-0.029193092641206397
2011-08-05,0.007253568799380966,0.005502044133174965
2011-08-12,-0.018282732543992666,0.019922455989286544
2011-08-19,-0.015616165370238026,0.03162104767596938
2011-08-26,-0.025934478854852856,0.040113836937958856
2011-09-02,0.02813876985882043,0.011490634417605228
2011-09-09,0.00902692362049118,-0.024954714035096748
2011-09-16,-0.004357550631041977,-0.017444697598835678
2011-09-23,0.02202479746535465,-0.034369728782617084
2011-09-30,-0.027136814206166652,0.10022249541407109
2011-10-07,-0.08382237082648172,0.024108514948371587
2011-10-14,0.017393029892189014,0.003540052236822383
2011-10-21,-0.08673154345361674,0.036476886633137084
2011-10-28,-0.06043114621238861,0.00042738794085384665
2011-11-04,0.03973497201832287,0.0018394243476574923
2011-11-11,-0.0025101615850174133,0.001979123230277935
2011-11-18,0.0010613284677904273,-0.014625528746772993
2011-11-25,0.01969120872569985,-0.023716712122023635
2011-12-02,-0.0009813494212738208,0.0713494139268748
2011-12-09,-0.0470916958658472,0.04746711158446963
2011-12-16,-0.020538669713952094,-0.03280445358333569
2011-12-23,0.0004958500788547031,-0.04099863573838447
2011-12-30,0.007826081879622528,-0.0023132522373334008
2012-01-06,-0.025559525954830464,0.011155480300217291
2012-01-13,0.06961318679693662,-0.08293559842044573
2012-01-20,-0.09700014835651308,0.052885610865657615
2012-01-27,-0.05332426828649605,0.02847190501560914
2012-02-03,0.0016241464670164732,0.005090494290105146
2012-02-10,0.021314112044343934,-0.02080630182674011
2012-02-17,-0.011270824230404337,-0.03928377001015089
2012-02-24,0.016890132252899516,-0.0008399456928510256
2012-03-02,0.03652814119105807,-0.021100379026785854
2012-03-09,0.013573240038861066,-0.006601269823413839
2012-03-16,0.05514452396160733,-0.05311069749656867
2012-03-23,-0.020359179055557876,-0.018923796369077966
2012-03-30,-0.0006983402122663343,0.011177830821301969
2012-04-06,0.000211325751623412,-0.02029889279572894
2012-04-13,-0.011472371555071307,-0.005275726806720763
2012-04-20,-0.020941866720005933,0.027146828355754844
2012-04-27,0.025585290766413245,-0.005079621436968124
2012-05-04,-0.008616853196217484,-0.0261417943805166
2012-05-11,-0.009995911292460653,0.02533103433422919
2012-05-18,0.0037011235323895983,-0.03478679267554862
2012-05-25,-0.0033603908990872053,0.02841724204019721
2012-06-01,0.028425016009689604,-0.016056954208718145
2012-06-08,-0.015969799663944,0.02506667457006206
2012-06-15,-0.007705518761217573,-0.012114328479925255
2012-06-22,-0.07241470479806862,-0.01773065965791868
2012-06-29,0.003405893478744055,0.03761768239496247
2012-07-06,0.009638716678522636,0.03944335480905536
2012-07-13,-0.042311986046932426,0.021278806214484004
2012-07-20,0.014131954700665156,0.04575640128380616
2012-07-27,-0.04125855634511884,0.02048664748222554
2012-08-03,0.030682287028312546,-0.018245321199750492
2012-08-10,-0.013925237654482132,0.06730894271900967
2012-08-17,0.0024354139900906917,-0.0331048032072363
2012-08-24,0.01501861232259242,-0.004629101493196396
2012-08-31,0.01235134448343041,-0.0159862020564601
2012-09-07,0.016266180949863207,-0.015903106342391563
2012-09-14,-0.00938902823670699,0.017310001198393987
2012-09-21,0.01612240842191174,-0.0054192542588887465
2012-09-28,0.014002219397353357,0.0006506115277192786
2012-10-05,0.019866162834416518,-0.03945374602565014
2012-10-12,-0.001874795447518009,-0.013946943414638719
2012-10-19,-0.039629085134611684,0.009688054061860499
2012-10-26,-0.009249690309767597,0.01112401751828936
2012-11-02,-0.01513833392327709,-0.005797808103772469
2012-11-09,0.023748902998700097,-0.03301207389704741
2012-11-16,0.012905524700755124,-0.010898465046060176
2012-11-23,-0.03437140399726357,0.03508916344660321
2012-11-30,0.010589330985113683,-0.0006899576168442785
2012-12-07,0.05153240327819907,0.005837773220852733
2012-12-14,-0.002931736772646131,0.009354601012512804
2012-12-21,0.007414353636580643,0.005698971506083006
2012-12-28,-0.0009199935077453363,0.005256827971578263
2013-01-04,0.0032002683588875733,-0.018384996040915848
2013-01-11,-0.0031046440787729414,0.007191033301552571
2013-01-18,0.03226773572576017,0.03240105939794339
2013-01-25,0.07281148885241982,-0.031519483157082785
2013-02-01,-0.02191468502626515,0.021320772628343868
2013-02-08,-0.002493340705129486,0.00975528771227752
2013-02-15,-0.008473942411315865,0.0067326771186262775
2013-02-22,-0.0026977488137062138,0.0020522724898534767
2013-03-01,0.0007394647992152725,-0.018744638556343896
2013-03-08,0.02189593811577591,0.018451156686450882
2013-03-15,-0.04511753853943457,0.0009144733410944375
2013-03-22,-0.02079980801163872,0.010219907917585203
2013-03-29,-0.008561953999987972,0.016574310275468296
2013-04-05,0.0574675929783387,-0.04002356906937491
2013-04-12,-0.01607499004703361,0.002810382191662221
2013-04-19,0.10222336649772952,-0.08921935328143342
2013-04-26,0.0031724951513652302,0.015630808498731812
2013-05-03,0.004938722559077051,-0.004938722559077051
2013-05-10,0.10622199418771827,-0.12862634358410063
2013-05-17,0.08220457152419425,-0.0618032937987889
2013-05-24,0.006655360829533846,-0.022828759184135773
2013-05-31,-0.00022665045130661546,-0.02683224113474484
2013-06-07,-0.0031795889811491542,-0.0034491430926914743
2013-06-14,-0.011644793265162396,0.009059771613916023
2013-06-21,0.018041278660596717,0.018196226644748365
2013-06-28,0.03669145999661623,-0.0312474617184972
2013-07-05,0.020893720583831436,-0.0295996638485941
2013-07-12,0.034343836957487994,-0.029035224215338735
2013-07-19,-0.08126980223569091,0.010088232288047339
2013-07-26,0.036649450626582904,-0.03858212313676734
2013-08-02,0.0006079925870107923,-0.009008438095573649
2013-08-09,0.011113787811645806,-0.019502457506621825
2013-08-16,-0.03903546861577252,-0.03401982832683007
2013-08-23,0.02025960976248131,-0.04700877704543404
2013-08-30,0.010947307629028253,-0.0157624928498189
2013-09-06,0.02859316806470502,0.05282203476120498
2013-09-13,-0.05252687720208367,0.03693028834471782
2013-09-20,0.03310205014752565,-0.04712336558985708
2013-09-27,0.03418466663146583,-0.0009203915634658326
2013-10-04,-0.007288757595476758,0.018181616925652677
2013-10-11,-0.014133085161695681,0.024897715647335856
2013-10-18,-0.03529346001137819,0.031986983506054514
2013-10-25,-0.007185052274850556,-0.024817842069227432
2013-11-01,-0.032723077750058005,-0.0039370352639692685
2013-11-08,-0.08717226077783305,-0.03125479760527157
2013-11-15,0.020345549335533526,-0.006078426132047864
2013-11-22,0.019785041557856174,-0.021597580820763313
2013-11-29,-0.022334075239552588,0.050613432556936615
2013-12-06,-0.019893523060239948,0.03799587763610823
2013-12-13,-0.025127771816518967,0.0129867812512617
2013-12-20,0.008684279763891262,0.0202382294100204
2013-12-27,-0.014502301025543248,-0.009502659363697246
2014-01-03,-0.00690948252337938,0.00860109617724954
2014-01-10,0.01013492894524633,0.004117932621753233
2014-01-17,-0.06452222076747816,0.052821769164902034
2014-01-24,-0.02896461118642716,0.017956938147201302
2014-01-31,-0.0008151874906249974,-0.0464627979137537
2014-02-07,-0.02466000741488561,0.01643090554739627
2014-02-14,0.00874223359588259,-0.01952679243367461
2014-02-21,0.06203710526554203,-0.0437934668642187
2014-02-28,0.03337862818056607,-0.034938156408091725
2014-03-07,-0.021064247665883325,0.011612912575417116
2014-03-14,-0.03711354056575618,0.04017643395057664
2014-03-21,0.01998173816240415,0.020714431651821404
2014-03-28,-0.033665591930881617,-0.0032669021047199535
2014-04-04,0.02861678955631079,-0.024969519260347666
2014-04-11,-0.008591659209060243,-0.016350751867500384
2014-04-18,-0.011845105119147641,-0.018525923130416566
2014-04-25,0.03318942069172922,-0.03644537358885894
2014-05-02,0.006141066163753501,-0.0007374004938338254
2014-05-09,-0.02376015483392842,-0.030554865031731437
2014-05-16,-0.0004635380449082107,0.016207123990230755
2014-05-23,-0.031343664996446696,0.036376874943562086
2014-05-30,0.003096219511079597,0.0010891688979296136
2014-06-06,-0.0025983191048040526,-0.0030421737615502114
2014-06-13,0.002090204379312621,0.008592535529268568
2014-06-20,-0.02770215508633692,-0.014837255389181977
2014-06-27,-0.01703133490613843,-0.017313257325305934
2014-07-04,-0.023223452075439816,0.019853179008807603
2014-07-11,-0.002838820578253909,0.01676236792506902
2014-07-18,0.0024536602578994304,-0.015034595788361417
2014-07-25,0.018845991580926185,0.02853076416613435
2014-08-01,-0.010197231358914075,0.03252785235727551
2014-08-08,-0.007611133962282452,0.015049268362219686
2014-08-15,0.03003207517790984,-0.0032279097888041584
2014-08-22,0.0006287391011627161,-0.007168263994064077
2014-08-29,0.012551627113620564,-0.017617987349252018
2014-09-05,-0.02095537179421806,-0.020915291369512718
2014-09-12,0.028755880137630307,-0.011514606949810807
2014-09-19,-0.025046850210113283,0.028293942683873304
2014-09-26,-0.01185114126696174,-0.0011080881679772113
2014-10-03,0.00040119603942786065,0.013259220079186784
2014-10-10,0.015200546842270311,-0.05521208378380034
2014-10-17,-0.04189698817094019,0.030386602693577847
2014-10-24,0.01215582206315794,0.020359387363895455
2014-10-31,4.867979832109265e-05,0.004406842623520941
2014-11-07,0.030329783110059776,-0.02408277138866773
2014-11-14,-0.04336642771031647,0.01423814983814416
2014-11-21,-0.006154126689962625,0.036871486358904984
2014-11-28,0.02782667844227693,-0.04107525914098742
2014-12-05,0.015109898472019937,0.05966327804950969
2014-12-12,-0.016994714033442285,-0.007692327184627645
2014-12-19,-0.02047113370854462,0.01045700260559971
2014-12-26,-0.02697017128170468,0.026382319284372548
2015-01-02,0.001528238007585279,-0.011964831111458702
2015-01-09,0.041310014022386946,0.04707634874119607
2015-01-16,-0.0019669189009419857,-0.012289497370084777
2015-01-23,-0.01701709335997862,0.019838281566800748
2015-01-30,0.053337345533817894,-0.018514295069505672
2015-02-06,-0.03359108951870378,0.038255853356716066
2015-02-13,0.07797496301153292,-0.029525979409056876
2015-02-20,-0.020721809406055947,-0.0013486604858494737
2015-02-27,0.014251735293402994,0.02982399934587961
2015-03-06,0.035957916374256195,-0.033650833998028304
2015-03-13,-0.004205617544009201,-0.005476226523854523
2015-03-20,-0.014170057740158446,0.007950863394226236
2015-03-27,-0.008020950880707901,0.0184793735440553
2015-04-03,-0.0011575647981999868,0.020983800148535365
2015-04-10,-0.011559246760885152,0.023180708652691395
2015-04-17,-0.024127112895786687,-0.0019054019650401877
2015-04-24,0.019939180138663175,0.05816816889827128
2015-05-01,-0.018861282892219593,-0.016592942032690423
2015-05-08,-0.03357046303510887,-0.014097248770491639
2015-05-15,-0.003830587919880519,-0.007366630938328898
2015-05-22,0.0076485013282898695,0.0028803506266774264
2015-05-29,-0.01767538774635424,0.027352908455659075
2015-06-05,0.01233218993532496,-0.013057319039014303
2015-06-12,0.009027354020050872,0.009279990379612172
2015-06-19,-0.005546668841916753,-0.00801041675621424
2015-06-26,0.03488242046893497,-0.0022373907183876884
2015-07-03,0.02519188192606059,-0.024900134726931047
2015-07-10,-0.019833516133311264,0.009275018800456817
2015-07-17,0.03459132105828873,-0.09648976017923538
2015-07-24,0.02677555843179602,-0.02677555843179602
2015-07-31,0.01124752220740144,-0.01584832825642964
2015-08-07,-0.06560917356839066,-0.049277199751866466
2015-08-14,0.013223925569601763,-0.012263888672730133
2015-08-21,-0.010142709281458141,0.005499910931871264
2015-08-28,-0.0007436240324618648,0.03635930638659468
2015-09-04,-0.006488498535608031,0.00561964397005303
2015-09-11,0.025018264515531016,-0.020703410096271673
2015-09-18,0.0326226771506752,-0.02699677777966917
2015-09-25,-0.02943456043772674,0.01427005105366889
2015-10-02,0.033349810132134367,0.006457040944032509
2015-10-09,0.05320970481548529,-0.057220913815710775
2015-10-16,0.048577160371031214,-0.03099213828023687
2015-10-23,0.021968832936591055,-0.03893447946247689
2015-10-30,0.013806925396415962,-0.013806925396415962
2015-11-06,0.0023968577283451503,-0.011283793204110694
2015-11-13,0.011990013552048172,-0.0203663366824696
2015-11-20,-0.003897582890886927,-0.004442128971220204
2015-11-27,-0.01455537556969122,0.00990749372939633
2015-12-04,0.028373509948750174,-0.02407040980520014
2015-12-11,0.015567377707024169,-0.023821031858596256
2015-12-18,0.007538769574814995,0.0107244576879388
2015-12-25,0.0037340407872658026,0.005275916727973156
2016-01-01,-0.001075130605853956,0.0007744653754301698
2016-01-08,-0.005766333676851233,0.0007642166681577009
2016-01-15,-0.06051151532821567,-0.0413452989607761
2016-01-22,0.03008427860389762,0.027031554803773762
2016-01-29,0.027542269703063206,-0.013346920194227485
2016-02-05,0.0019337972817647583,-0.12432171479217939
2016-02-12,0.037017821083137815,-0.04222615441647115
2016-02-19,-0.038594453834572086,0.08959338271043849
2016-02-26,-0.0657574642276476,0.047447787644589755
2016-03-04,-0.034151174474089135,0.0018359562285770918
2016-03-11,0.009321078229981256,0.013869242691703788
2016-03-18,0.0023718446272542604,-0.027988803321028037
2016-03-25,-0.0146330641546835,0.024459886861995555
2016-04-01,-0.011538907807013277,-0.04709542441512511
2016-04-08,0.009739842831662477,-0.019017291526719566
2016-04-15,-0.0345254214416314,0.009190905469266857
2016-04-22,0.010830205397897695,0.019463702299745735
2016-04-29,-0.02361147913628754,-0.023739262660943467
2016-05-06,-0.04922154757581099,0.010880369858484985
2016-05-13,0.06416717919812812,-0.03371364624714871
2016-05-20,0.0320256775711953,0.00630870792538159
2016-05-27,-0.020402612154133123,0.0164058084003503
2016-06-03,0.019914337339482554,-0.0001683138004860609
2016-06-10,-0.006546471244624893,0.015110780019531367
2016-06-17,0.03699002928769094,-0.013495245424804698
2016-06-24,0.03308002056154228,-0.04309162374808395
2016-07-01,-0.023339706302136918,0.02249782366315833
2016-07-08,0.030469223330024622,0.004137190549334072
2016-07-15,-0.01472130649583647,0.01156292660058026
2016-07-22,7.14373668615478e-05,-0.032257602707646583
2016-07-29,-0.015352041247197724,-0.04934954312784412
2016-08-05,0.030752135857993926,-0.03015282080091937
2016-08-12,0.028424352261730717,-0.024874196995349613
2016-08-19,-0.0021809758624826334,-0.0039950901677390975
2016-08-26,0.008932898246819605,0.0010424178651646052
2016-09-02,0.03198580120787109,-0.043270328428413975
2016-09-09,-0.021288628907270714,0.014416454718802742
2016-09-16,0.02104045640620862,0.08426006576080587
2016-09-23,-0.0005391867798867347,-0.010063164720614564
2016-09-30,0.003206085375919229,-0.020040032186802614
2016-10-07,0.014554860574582142,0.012737516560698471
2016-10-14,0.0013239326922579457,-0.005764000943030682
2016-10-21,-0.00639486559209168,-0.013348029266544994
2016-10-28,-0.01568685621937982,-0.003997489298787701
2016-11-04,-0.01335995205181258,0.013737991125371479
2016-11-11,0.1283776688660328,-0.09380371886257223
2016-11-18,0.04136261102534562,-0.01951868346081164
2016-11-25,-0.013826568936161961,0.027649489069316965
2016-12-02,0.02471915212438854,-0.030382560528976067
2016-12-09,0.009414256165245567,0.017120750139354875
2016-12-16,0.008081532721370278,0.0210981966329693
2016-12-23,0.025084490763096934,-0.056703716451420354
2016-12-30,-0.00929099588712016,0.002787093050966138
2017-01-06,-0.04388819500847958,0.012294560606141532
2017-01-13,0.019085537355808535,-0.021867978929668443
2017-01-20,0.0007721947023513476,-0.007033841669260835
2017-01-27,0.03794073624339733,0.008491827241041064
2017-02-03,0.013676735984948266,0.01577146517926834
2017-02-10,0.024603743128902972,-0.021064235338121736
2017-02-17,-0.019006461144137024,0.02091860920158976
2017-02-24,-0.030748331229528726,0.018092550106136675
2017-03-03,0.00031157808162426016,-0.025166211441552434
2017-03-10,-0.00951952087792925,-0.01186156340003571
2017-03-17,0.029109686730531638,0.04557773457407495
2017-03-24,0.002847149815978037,0.022198863605109104
2017-03-31,0.032059528114010284,-0.00797821469448453
2017-04-07,0.0601583002451517,-0.008556288634445238
2017-04-14,0.019895333714848234,3.518458701349636e-05
2017-04-21,-0.023189055862538534,0.02158980674925296
2017-04-28,0.0006721949580168474,-0.022115024257577977
2017-05-05,0.009381247345892482,-0.00620127957039455
2017-05-12,-0.04508759556056196,-0.003019210152799416
2017-05-19,-0.009244353524301011,-0.0066430670209787195
2017-05-26,0.030019467166131537,0.0004429717182817452
2017-06-02,0.03416033343923041,-0.019767422676329877
2017-06-09,-0.011374931886494074,0.0009915972867024277
2017-06-16,0.011261101400028561,-0.037397503018502566
2017-06-23,0.016993647872206436,0.00028456112336113296
2017-06-30,-0.05962920982613202,0.021428113074104787
2017-07-07,-0.04511316027900857,0.040102871460426265
2017-07-14,0.017337290098351978,0.03724030803143167
2017-07-21,0.01955900651908308,-0.005932207431806779
2017-07-28,-0.024247634196022605,0.005296588860304448
2017-08-04,-0.022072126763911203,0.03409311028497038
2017-08-11,-0.011780599208802998,0.004642677915624635
2017-08-18,0.0125992325412572,0.01639221184877167
2017-08-25,0.009772464868651316,-0.002790054093026313
2017-09-01,0.000872207045604236,0.0035316482600786423
2017-09-08,-0.03832081293413333,0.022028629661006938
2017-09-15,0.003946051163907038,0.01464568871580648
2017-09-22,-0.01448575106028275,0.02595298171364287
2017-09-29,-0.0005976114924512999,-0.013125612745219655
2017-10-06,-0.019522901960428975,0.017423241751698033
2017-10-13,0.014461928608708026,-0.009058338983941634
2017-10-20,0.004183565572280723,-0.025079494235941913
2017-10-27,-0.009606221477479762,-0.02817607286891066
2017-11-03,0.02949956078575074,-0.033896315727464835
2017-11-10,0.011873300727641959,-0.01834258976779124
2017-11-17,-0.013903140041299184,0.01125425214230591
2017-11-24,0.027104102891347907,-0.029433157272914803
2017-12-01,-0.032540527386965,0.08045185215913378
2017-12-08,-0.008571711114589318,-0.0065822398978547785
2017-12-15,-0.03169453459925446,-0.019330820288510075
2017-12-22,0.01425970919028648,0.02279285020823618
2017-12-29,0.0026936501835791806,0.0029062885255819464
2018-01-05,0.014047231355094038,0.021397500959274847
2018-01-12,0.006595989824840883,-0.0073635537292665205
2018-01-19,-0.01978507548928132,0.014404247440495472
2018-01-26,0.06371855921306913,-0.03648610708410912
2018-02-02,0.038289866502125985,-0.024960025735185885
2018-02-09,-0.013258668550998665,-0.0031399060427185974
2018-02-16,0.011164465942772612,-0.013181432364358644
2018-02-23,0.027791063917209532,-0.027615881430490947
2018-03-02,0.0020462408302729003,-0.0023209948811254728
2018-03-09,0.02559149075848048,-0.020141224438648922
2018-03-16,0.0039498918437502,0.007669658218386425
2018-03-23,-0.014066797600855165,0.0332178457702594
2018-03-30,0.02627073910945007,-0.032563050526053794
2018-04-06,-0.08107916775639026,0.029231351061877537
2018-04-13,-0.008090601615044008,0.017355208297471798
2018-04-20,0.04163957011580987,0.025752585214752207
2018-04-27,0.0056128010260087695,0.010456069707147558
2018-05-04,0.041219539042153655,0.06951937758347744
2018-05-11,0.009281864055434184,-0.02236987842157645
2018-05-18,0.021347724995201656,-0.012845897640915259
2018-05-25,0.0016479910690023365,0.0009974054507523294
2018-06-01,0.009653100508057308,-0.009437859717196349
2018-06-08,-0.024136862254716604,0.03339739060104541
2018-06-15,-0.041555665474281876,-0.06245430059315874
2018-06-22,-0.016912938311524555,0.016996717968207526
2018-06-29,-0.01617882578169194,-0.018149136665810934
2018-07-06,-0.0520019111644564,0.0463700854412528
2018-07-13,0.02834085377713931,-0.014011358161670614
2018-07-20,-0.018345815916040974,0.01117636715695817
2018-07-27,-0.027141578785528402,-0.03314926250193473
2018-08-03,-0.02434268233080898,0.07962291754004093
2018-08-10,0.021603627288555027,-0.003549853984080734
2018-08-17,-0.03652025517040073,0.01922464871797317
2018-08-24,-0.03521189275354171,0.05633798677360853
2018-08-31,0.020327752018492722,-0.01294215626806013
2018-09-07,-0.00463474728548126,-0.004704757666665567
2018-09-14,-0.03033427596186307,0.023139237074060327
2018-09-21,-0.022222506814567944,0.019931163917435657
2018-09-28,0.007542889030623275,0.0054232311108026385
2018-10-05,-0.029829141688736627,-0.008064943880245182
2018-10-12,0.0027923004812872403,-0.03335325661443174
2018-10-19,0.013596697270567261,-0.03704509704246066
2018-10-26,-0.051779180090569206,0.03531967141474293
2018-11-02,-0.029060298688824905,-0.010978627137337105
2018-11-09,0.0248934148501763,-0.030023583400315336
2018-11-16,0.08967940093327549,-0.11621941432046352
2018-11-23,0.02727659403515118,-0.05194556875443908
2018-11-30,-0.04610344362925164,0.05725352156994589
2018-12-07,0.057972341507829074,-0.028476517280113092
2018-12-14,-0.003279451183576124,0.0011875549261747258
2018-12-21,0.0471249776102564,0.010062235849927229
2018-12-28,-0.036866617717954256,0.0011958013505071925
2019-01-04,-0.024113308367247566,0.026634084084792696
2019-01-11,-0.01908729558969621,0.049122365777061264
2019-01-18,-0.07268956953282657,-0.07024656152016058
2019-01-25,-0.012320601484015517,-0.01174870833275169
2019-02-01,0.002060192694998273,0.08104711524625892
2019-02-08,-0.017047772577088557,-0.0036556941911241037
2019-02-15,-0.03867207482632765,0.03906896857351916
2019-02-22,0.02299462580155627,0.0009689590532209191
2019-03-01,0.004634632185179567,-0.008179405802747562
2019-03-08,0.01077416916561432,0.0016626789684665386
2019-03-15,0.05837392465504865,0.001621475301466094
2019-03-22,0.039677654094855165,-0.057701333488620235
2019-03-29,-0.026041619026412624,0.026357596150025083
2019-04-05,0.036436084317394424,-0.026787298486318778
2019-04-12,-0.007237883675353721,0.006701328330290543
2019-04-19,-0.00800551335417395,0.0069474861775366365
2019-04-26,0.038035829936062394,-0.0057438319564449
2019-05-03,-0.023551928012361945,0.02033238260842762
2019-05-10,-0.028050656305426535,-0.009365941851118463
2019-05-17,0.02170145594436108,-0.07095463023514662
2019-05-24,0.03361209685632882,-0.0747788908298668
2019-05-31,0.027177719641027734,-0.009782097695745893
2019-06-07,-0.03521774728299332,0.0629338241073839
2019-06-14,-0.00552314358022406,0.012128798629438052
2019-06-21,-0.019003668730406043,0.020323444382728706
2019-06-28,-0.021482810112785813,-0.005813723897092778
2019-07-05,0.0014227387952158877,0.013868712073111392
2019-07-12,-0.029013539478782414,-0.05220388604575398
2019-07-19,-0.033870649047940016,-0.03828543550614116
2019-07-26,-0.01955493453913485,0.03653259437647834
2019-08-02,-0.02765853757922391,0.04763187244973917
2019-08-09,0.02277769459577635,0.010526618495722118
2019-08-16,0.010934050959770437,-0.012036359600836745
2019-08-23,0.004082515320651069,-0.007307105697750578
2019-08-30,0.02920405686928884,-0.00031714411283275193
2019-09-06,0.009122491351758133,-0.0069432295458130185
2019-09-13,0.008162543495824865,0.017450203091571595
2019-09-20,-0.017538518072969463,0.03217522802442559
2019-09-27,0.02009665465891423,-0.018456319001357805
2019-10-04,-0.010486304604563568,0.01346990939606211
2019-10-11,0.029475006587689607,-0.009828837375708905
2019-10-18,0.02690094819753689,0.008228989529241747
2019-10-25,0.03377442947786975,-0.12086073385977734
2019-11-01,-0.02063094170176079,0.01593005535865477
2019-11-08,0.02743673720983112,-0.035021001141247295
2019-11-15,0.01705354999818239,-0.0076958428034475945
2019-11-22,-0.017091069288905768,0.027307888162869515
2019-11-29,0.004222188572441796,-0.0025651632916019467
2019-12-06,-0.0005867880912162242,0.0030270027738612173
2019-12-13,0.03173599174749904,0.014311589892062307
2019-12-20,0.06087776991505497,-0.02618393576117972
2019-12-27,0.011724392356826577,-0.011724392356826577
2020-01-03,0.018298402161342153,-0.018298402161342153
2020-01-10,0.05148345549951135,-0.036464493106601936
2020-01-17,0.03555844730707692,-0.02707972277581409
2020-01-24,0.043845406504488454,-0.057020718516039764
2020-01-31,0.0193825639688963,-0.030504244605868053
2020-02-07,0.07572556216602455,-0.058242077775962645
2020-02-14,0.021098592109659288,0.01675657173217708
2020-02-21,0.048587610575446694,-0.053817795861757764
2020-02-28,-0.02267287648380982,0.02876947819461119
2020-03-06,0.04051885024834693,-0.040112947983779214
2020-03-13,-0.025650267959022158,0.023477356397394136
2020-03-20,0.015800567656865445,-0.045878618439674064
2020-03-27,-0.005177658600186388,0.09221606686736897
2020-04-03,-0.038291213497264276,-0.023307750185810515
2020-04-10,-0.02749966661653281,0.11224850865678178
2020-04-17,0.2004750525582879,-0.0782284630182771
2020-04-24,0.01899798494676671,-0.004115098720999023
2020-05-01,-0.04215214154839541,0.06013659595878599
2020-05-08,0.07966609896166313,-0.05872459437684545
2020-05-15,0.09447725098818843,-0.06625099624704361
2020-05-22,-0.03476209167238357,-0.026446913541427586
2020-05-29,-0.05320700645349544,0.05066155556066387
2020-06-05,-0.09316343044991618,0.025372231849827842
2020-06-12,0.09403093061572693,0.05392065474563027
2020-06-19,0.052662983247377726,0.011655750870363895
2020-06-26,0.03543620893382482,-0.024657787790291263
2020-07-03,0.09210186521509349,-0.07693296599898791
2020-07-10,0.1399844835391495,-0.1361573095596281
2020-07-17,-0.06853500959567893,0.06853500959567893
2020-07-24,-0.0401950463699963,0.025216671760998472
2020-07-31,0.09036793254854679,0.010638738138535886
2020-08-07,0.01797703935345307,-0.013979509686933733
2020-08-14,0.05909994017612337,0.018126750093153086
2020-08-21,0.13155012478538652,-0.13155012478538652
2020-08-28,0.020276332578984906,-0.005770555959738745
2020-09-04,-0.02008988615926199,0.02571312159528216
2020-09-11,-0.044636449995060334,0.036616982444709525
2020-09-18,0.05049779512407289,-0.08000067312031352
2020-09-25,0.05155381662673008,0.06418133669675596
2020-10-02,0.009778854727944557,-0.020545102480364303
2020-10-09,-0.0011169763085835012,-0.001965133105330013
2020-10-16,-0.000984473487180411,-0.010125146662912012
2020-10-23,-0.03897507406620692,0.0208954370226437
2020-10-30,-0.019635724166836933,-0.003800659977085896
2020-11-06,0.07511218234586484,0.05433648997642715
2020-11-13,-0.13044355409152286,0.12455624207851712
2020-11-20,0.05717985971681164,0.05509893869598881
2020-11-27,0.047515662326049646,-0.09184362243697497
2020-12-04,0.00607894097868648,-0.004348312125083983
2020-12-11,-0.004321959178830011,-0.035332994859376826
2020-12-18,0.016152664428936737,-0.013123638652028036
2020-12-25,0.010116082935857418,0.0036715951195603128
2021-01-01,0.004828275246927751,-0.020724651338801817
2021-01-08,0.1488481778063921,-0.03785914801101524
2021-01-15,0.03815551667537538,-0.012810858729175565
2021-01-22,-0.06970841141435968,0.047431866266647825
2021-01-29,-0.023261913202721494,0.04841385823641201
2021-02-05,0.045684350330797686,-0.03910499153034459
2021-02-12,-0.029939993563292615,-0.013658795774748229
2021-02-19,0.0278381351895182,0.0011585165143299294
2021-02-26,0.011260646235057481,-0.08342282543706019
2021-03-05,0.03864660362325774,-0.10894895875248663
2021-03-12,-0.010504232116988626,0.045013674902157165
2021-03-19,-0.035261762131609586,0.006907891721846318
2021-03-26,0.007168137848298469,-0.0367220065625096
2021-04-02,-0.027507010244482988,0.06845126512705486
2021-04-09,-0.018293923689658986,-0.003709571717854094
2021-04-16,-0.023016033715458427,-0.010469205707891522
2021-04-23,-0.012884675934200101,0.011144293223931696
2021-04-30,0.009935515259936335,0.01947905686635694
2021-05-07,0.054327231951814214,0.07954127950696757
2021-05-14,0.04611999711275971,-0.008524782726652358
2021-05-21,-0.02065670783372175,0.021708932136258387
2021-05-28,-0.021133320815841405,0.0305265795667999
2021-06-04,0.05082836243769957,-0.03786063770709595
2021-06-11,-0.0044287375419969814,0.03256834959937053
2021-06-18,0.02744028597850397,-0.03694707846278951
2021-06-25,-0.03891803074583481,-0.0029712599088137504
2021-07-02,0.010175589875083602,-0.006174186548578746
2021-07-09,0.003677923292994656,0.008180428966661454
2021-07-16,-0.04607113579448459,0.02399848277667457
2021-07-23,0.051248758724954636,0.00025892565312302
2021-07-30,-0.03039743052898532,0.035591647588491426
2021-08-06,0.002474497079111959,0.016765775909288072
2021-08-13,0.006966898733079725,-0.01704902673446262
2021-08-20,0.03671736401974508,-0.02914755347720658
2021-08-27,-0.012650942668858169,-0.010740144942583907
2021-09-03,0.010325337881080622,0.018590043798222673
2021-09-10,0.0007069508028028455,0.007155766806770881
2021-09-17,-0.008040371502359773,-0.0029691038952165405
2021-09-24,0.005067307658509082,-0.010572098326022017
2021-10-01,-0.03922867843759248,-0.03940590914346116
2021-10-08,0.01215133666719348,-0.016500566657000615
2021-10-15,0.0036220019503567027,0.013684634403310806
2021-10-22,0.03291942750114022,-0.03282655921001957
2021-10-29,0.09907406982857543,-0.05089256534631469
2021-11-05,0.07298185339822716,-0.07941416459403501
2021-11-12,-0.04259145357766898,0.04271069107568133
2021-11-19,0.05835399664932257,-0.10140403334827588
2021-11-26,-0.016202261646370248,0.04407447096497851
2021-12-03,-0.032535544149984164,0.0022705151597919295
2021-12-10,-0.028279082264802056,-0.028265697390879214
2021-12-17,-0.06443110185280365,-0.010120180175077504
2021-12-24,0.06471265559580848,0.05917085682800938
2021-12-31,-0.0027852723797632626,-0.022452955782051344
2022-01-07,-0.09830381703454555,-0.013964637197388793
2022-01-14,0.018783884871459728,-0.0036289799410502716
2022-01-21,-0.009303722301905348,-0.062191959816919974
2022-01-28,0.018404075168121592,-0.02113954197041449
2022-02-04,-0.04318607820569498,0.05592151173817275
2022-02-11,0.02495217995568111,0.0008934811230438798
2022-02-18,0.004784474592073691,-0.0008575697686951482
2022-02-25,0.00739546468720357,0.0024080254730978563
2022-03-04,0.04453495712823537,0.007587883494123718
2022-03-11,0.02125661872244603,-0.014172634414329324
2022-03-18,-0.139360181839178,0.11239237998572545
2022-03-25,0.024296971330283707,0.007266559278102713
2022-04-01,0.0225812818764819,-0.006394914848489714
2022-04-08,0.0875868596443885,0.09943121160787859
2022-04-15,0.07046309559895472,-0.014689890976688266
2022-04-22,0.02635766579724442,-0.0418592886149471
2022-04-29,0.046804389269729886,-0.07355925587220838
2022-05-06,-0.0010114270460167551,-0.04342035356087817
2022-05-13,0.020408372787101392,-0.05826839175299677
2022-05-20,0.027534271506063426,-0.06841219843200348
2022-05-27,-0.06292152124089778,0.04968757793392541
2022-06-03,-0.038150869394417065,-0.01395189379492893
2022-06-10,0.05796391111906115,0.026767849247176276
2022-06-17,-0.018083139957377203,0.027544564202212
2022-06-24,-0.054203820835276785,-0.03138473027901918
2022-07-01,0.09997395340349198,-0.006559539981491098
2022-07-08,-0.09708252611138708,0.0026536611746921217
2022-07-15,0.012000204258872566,0.016684943884123303
2022-07-22,-0.10977051400978251,-0.03121097031692965
2022-07-29,-0.02026002857662442,-0.026078790173667505
2022-08-05,-0.018357322225591312,-0.02907285552886396
2022-08-12,-0.0006593696958512273,-0.01299280279094861
2022-08-19,-0.02339815268239527,0.03762073847584942
2022-08-26,-0.03759339014107969,0.005817061350060472
2022-09-02,0.01444975463950093,-0.037592710466266256
2022-09-09,0.014576045652612127,0.018601121490037228
2022-09-16,0.0007379702552156742,-0.072658876844876
2022-09-23,-0.018056794578235284,0.01956860036268796
2022-09-30,-0.005621348986450911,0.026752778402909495
2022-10-07,0.00401613780391101,0.08816211349677801
2022-10-14,-0.00459664100077872,-0.09196572165917494
2022-10-21,0.02622127516958494,0.026875128590541905
2022-10-28,-0.04924487882125709,0.08835375173724727
2022-11-04,0.07359839887378553,-0.1291100795732805
2022-11-11,-0.04299323338641132,-0.012512596885421837
2022-11-18,0.052557768465244244,-0.02005290044598388
2022-11-25,0.012276698553067197,-0.03186087700973579
2022-12-02,-0.04526110559651286,0.0049674038347804865
2022-12-09,0.04592893229740028,-0.018200434474715425
2022-12-16,0.05554808129925918,-0.04393051006072835
2022-12-23,0.06420750522043628,-0.04058193270951427
2022-12-30,0.008870269476891401,-0.008552010389154246
2023-01-06,0.040739735942159815,-0.036945100614183025
2023-01-13,-0.04467563968997253,0.07908029632575349
2023-01-20,-0.04772237990573306,0.044947542335528216
2023-01-27,-0.08542259061896243,-0.056578508236948544
2023-02-03,-0.0073873828987191335,-0.03560856970141383
2023-02-10,-0.0525501486731282,0.01943716973151099
2023-02-17,-0.023306016107966378,-0.020446905108431907
2023-02-24,0.02890000617255868,-0.027631427547128325
2023-03-03,0.006278671538456368,-0.002375854233618599
2023-03-10,-0.033696453535717666,0.04651815037188192
2023-03-17,0.008277851230952711,-0.043187065931622616
2023-03-24,0.026280948224723932,0.0013202433074420306
2023-03-31,0.012580763169406591,0.0478759246650882
2023-04-07,-0.06687608296516404,0.023508640729454647
2023-04-14,-0.04159701651210645,0.0404282406617397
2023-04-21,-0.029730793975202837,-0.019799638605344203
2023-04-28,0.01234556864669127,0.01579232396383571
2023-05-05,0.016507295030662984,0.05065444025842865
2023-05-12,0.012193085417006106,0.03692416974557167
2023-05-19,0.01893088401489325,-0.00267048187688901
2023-05-26,0.08741226441612367,-0.12693973384926227
2023-06-02,-0.04104806685265627,-0.026147104869575905
2023-06-09,-0.03262319491970955,-0.028359241491811234
2023-06-16,0.05033976526451215,-0.05033976526451215
2023-06-23,0.010040728209848027,-0.01579067941032349
2023-06-30,-0.00046087625347768224,0.004019385589322282
2023-07-07,0.04413993891721464,-0.027968721089093984
2023-07-14,0.04384342839011324,-0.02106384714543008
2023-07-21,-0.08510508314465391,0.08510508314465391
2023-07-28,0.022773848330874365,0.017774832638694546
2023-08-04,-0.002505532696092919,0.004375852366847564
2023-08-11,-0.07172284844652402,-0.026515378727898477
2023-08-18,-0.01852017705633206,-0.010724229754221826
2023-08-25,0.04506382633331192,0.04940294423177638
2023-09-01,0.01905914812278305,-0.017703641249324255
2023-09-08,-0.015522716155752994,0.010333235240998754
2023-09-15,-0.0008011965206824456,0.027538261845958645
2023-09-22,-0.0334136986000472,0.04737784471423386
2023-09-29,0.025095836255626836,-0.020539613301643368
2023-10-06,-0.0024969007859894123,0.044900908844873556
2023-10-13,0.016694625888888405,0.017518347105666094
2023-10-20,0.022010735390945037,-0.0008596742754460873
2023-10-27,-0.030490523370117442,0.017588924225354036
2023-11-03,0.008375236191754993,0.00391888347931372
2023-11-10,0.021588489469966943,-0.035780832376097374
2023-11-17,-0.025978776290283744,0.03551581077218764
2023-11-24,-0.01501178387118392,0.010729485372801788
2023-12-01,-0.010578518517477042,0.019915013669583925
2023-12-08,0.0020740711623007373,-0.016237153827182566
2023-12-15,-0.005146070073427859,-0.01781479076527137
2023-12-22,-0.02327368985859539,0.021517698820371838
2023-12-29,0.0029016654089562,0.0016381516941442742
2024-01-05,-0.019156697128449435,0.01677860874077275
2024-01-12,0.037151558472651426,-0.033075972659006636
2024-01-19,0.05094154869604049,-0.056703633057220953
2024-01-26,0.05028780080994443,-0.031694427705044714
2024-02-02,-0.000500917420691287,-0.008845838008419501
2024-02-09,0.02606958092745415,-0.03309234021916004
2024-02-16,-0.008589725420083552,0.03181300102153735
2024-02-23,0.0610768574186959,-0.044382444938989164
2024-03-01,0.0034279428640016443,-0.037749282898954364
2024-03-08,0.08272651333353975,-0.002492240703140282
2024-03-15,0.007570962145932518,-0.018218097236446032
2024-03-22,0.03610867818147363,-0.00541573367775191
2024-03-29,-0.01930059033916024,0.014043451000335473
2024-04-05,0.03372856966235608,-0.04608251683323597
2024-04-12,-0.015666103196357046,0.004918527419552897
2024-04-19,0.0004384984631644259,0.046871371989810465
2024-04-26,0.001830457807756333,0.06261584016324973
2024-05-03,-0.07112574887600241,0.045333449993327335
2024-05-10,0.0346934169051654,0.04746213307633765
2024-05-17,-0.013492440997053455,0.006777776092929847
2024-05-24,0.033799913669042815,-0.09068904276300856
2024-05-31,0.014316943359988416,-0.0034356208112553688
2024-06-07,0.01052997093701754,-0.023218112870374636
2024-06-14,0.04935104717833586,-0.07312411982571272
2024-06-21,-0.032602982356391065,0.03252352948439159
2024-06-28,-0.015753359710240944,0.013070769690853523
2024-07-05,0.0448221091233989,-0.11970943374331924
2024-07-12,0.0031981389760213194,0.01524130436711979
2024-07-19,-0.049768687063743516,-0.019677525744981935
2024-07-26,-0.06552996729045615,0.008601647316515842
2024-08-02,-0.003961062759583524,-0.012723729091891896
2024-08-09,-0.01570193081551833,-0.017339205678742253
2024-08-16,0.07588650343687935,0.10950358029529031
2024-08-23,0.020251189110305212,-0.015039522890347084
2024-08-30,-0.030482030278775572,0.008266092621661449
2024-09-06,0.02771563304022062,0.03438555326275186
2024-09-13,-0.061249279225695716,0.04154886519574637
2024-09-20,0.0019212471654829581,-0.003210860105346214
2024-09-27,0.015497498813807018,-0.0038980246757322617
2024-10-04,-0.017523877916049847,0.052000112896823415
2024-10-11,-0.00039401716254827603,0.04135198452679859
2024-10-18,-0.007177600260250714,0.007241779608206451
2024-10-25,-0.09764574186204843,0.061957413934226005
2024-11-01,-0.040515997238967705,0.04540383310859504
2024-11-08,0.14154166065541238,-0.049686521160496475
2024-11-15,-0.005439344471763121,0.005439344471763121
2024-11-22,0.011893218822016771,-0.006961975435712753
2024-11-29,-0.0013785776668308047,-0.0019389972883750248
2024-12-06,0.11607426042244631,-0.056052774533671114
2024-12-13,0.032591736407359864,-0.08132209819124858
2024-12-20,0.01029742443717489,-0.011954213469213586
2024-12-27,0.0063290769685856825,-6.236557251967033e-05
2025-01-03,-0.016024782988088772,0.03928301932477577
2025-01-10,-0.02764875301138725,0.019608363784494744
2025-01-17,0.0056806099602484394,-0.012924309050632351
2025-01-24,0.020227118612102947,-0.006510227090267348
2025-01-31,-0.006134249800879952,0.0721110916530874
2025-02-07,-0.07241066444989568,0.04287970698360288
2025-02-14,-0.028084875724437817,0.03619946073433988
2025-02-21,-0.017931720016855578,-0.024853517110244194
2025-02-28,0.04117118438907326,-0.07066731304531051
2025-03-07,0.0464196106142333,-0.04542108827204364
2025-03-14,-0.03997219123194643,0.05995301035795527
2025-03-21,0.007192017483802936,-0.0014707604092363252
2025-03-28,0.015226566141062142,-0.018323256240391512
2025-04-04,0.0347197338695952,-0.061032663086014925
2025-04-11,-0.10312265379602081,0.1024834219109029
2025-04-18,0.06950844973732184,-0.005004461740226833
2025-04-25,-0.1290806064305472,0.011857771179635795
2025-05-02,-0.019967381936183193,-0.054028341217095203
2025-05-09,-0.0020009783825964585,-0.015514808607569297
2025-05-16,-0.09556429483884313,-0.03115666454621261
2025-05-23,0.008139168432713121,0.009860176750355668
2025-05-30,-0.006599992965315254,-0.009277712452214018
2025-06-06,-0.037004509057924476,0.030338078262873675
2025-06-13,0.020598213518644656,0.05935815099691304
2025-06-20,0.0030079058058303625,0.043554281610178935
2025-06-27,0.056181982068199604,-0.015132510099846652
2025-07-04,-0.040369578561421315,-0.011337715014410055
2025-07-11,-0.00018059981209942767,-0.014777956835301215
2025-07-18,0.022367409814384565,0.011217424421985773
2025-07-25,-0.023514463153348854,-0.03494953719972271
2025-08-01,0.01855069802293215,-0.009465297294475056
2025-08-08,-0.005370371928435036,0.03564614865767557
2025-08-15,-0.0022472836857585117,0.010267787227956886
2025-08-22,-0.021482223625098697,0.01950738333921046
2025-08-29,0.004756020628772969,-0.0057158651079345
2025-09-05,0.027463120428049624,-0.08875631252749253
2025-09-12,0.058622487699055315,-0.01657647099987647
2025-09-19,0.035623554227258124,-0.050448169803817125
2025-09-26,-0.0016053880537002154,-0.008343001797767221
2025-10-03,-0.014702812331604642,0.014702812331604642
2025-10-10,-0.010616964527626912,0.026776504276754008
2025-10-17,0.04235146012706255,-0.01998668346875953
2025-10-24,-0.011777677658143044,0.03078740020502979
2025-10-31,0.016673892118977816,0.00568553192201989
2025-11-07,-0.027683484113594187,0.011883386001265336
2025-11-14,-0.032604315800529804,0.040194106574680324
2025-11-21,0.05175322859141418,-0.028683703748246945
2025-11-28,0.03570613436626939,0.013145142620699955
2025-12-05,0.02135429364585772,0.04233720622212005
2025-12-12,-0.004348690212767922,-0.028159890495311535
2025-12-19,-0.03425816141422962,0.012578520479810187
2025-12-26,-0.015286584004942833,-0.00899038603590637
2026-01-02,-0.02209523834645192,0.026710110121224147
2026-01-09,0.012036731622710389,-0.008151964381436876
2026-01-16,0.0204343805766695,0.019916461178028665
2026-01-23,0.009755983443855493,-0.009755983443855493
2026-01-30,0.0378516041203828,-0.026184731382052386
2026-02-06,0.0692966290788504,-0.036175043693980426
2026-02-13,0.00097949121010769,-0.017199267145735865
2026-02-20,-0.026079734936709894,0.02470793061987527
