Date,Momentum,Mean Reversion,Risk Managed Portfolio
2000-01-07,1.0,1.0,1.0
2000-01-14,1.0,1.0,1.0
2000-01-21,1.0,1.0,1.0
2000-01-28,1.0,1.0,1.0
2000-02-04,1.0,1.0,1.0
2000-02-11,1.0,0.957744828629167,0.979286870419715
2000-02-18,1.0,0.9294882457396649,0.9651241849037365
2000-02-25,1.0,0.873337945304937,0.9365445132046731
2000-03-03,1.0,0.9142859861492753,0.9580696081792298
2000-03-10,1.0,0.5797181205373254,0.7862134570716002
2000-03-17,1.0,0.6471347045580937,0.8310318412917833
2000-03-24,1.0,0.6199967082977315,0.8139487443077839
2000-03-31,1.0,0.6443867438079214,0.8296446348390324
2000-04-07,1.0,0.6388696384191681,0.8261626839114846
2000-04-14,0.8575111391589212,0.5159825894195171,0.6882507393750865
2000-04-21,0.8452311607006304,0.5451667726908322,0.7023080737590016
2000-04-28,0.9067855488763726,0.5306418263888235,0.7192103962023881
2000-05-05,0.8851528831671606,0.5315534379400524,0.7110688711414451
2000-05-12,0.8276370784181374,0.4878859893981364,0.6588792077652403
2000-05-19,0.9480588727239689,0.4015300454314465,0.6505861965936129
2000-05-26,1.024551658814787,0.380740686009242,0.6608350936251867
2000-06-02,0.9503466559943164,0.40807414360887495,0.6596899772711062
2000-06-09,0.9491677506304206,0.42447741368761,0.6722713932990051
2000-06-16,1.0860343057167476,0.3839923282381588,0.690261286932072
2000-06-23,1.112345182844249,0.3609096439027825,0.6784470043523465
2000-06-30,1.0735742699906237,0.37340514859378626,0.6779056775318333
2000-07-07,1.019064377068624,0.36711988593379724,0.6547645751360253
2000-07-14,0.9848548301944515,0.4289411277113641,0.6976070553378538
2000-07-21,1.0041269772928736,0.43965969579620323,0.7131115920123441
2000-07-28,1.0817649782388754,0.4546658820346571,0.7531519081244071
2000-08-04,1.1201503733258038,0.4726404148034228,0.7813717960220913
2000-08-11,1.1097464844086775,0.48045045412067494,0.7840011043150089
2000-08-18,1.0660738497091713,0.544592639067568,0.8195789322201799
2000-08-25,1.0203711784183054,0.5799805448457155,0.8277725664791257
2000-09-01,1.0688565624308584,0.5298842070836285,0.812776666029286
2000-09-08,1.0074758097043512,0.5554100762410931,0.808174101011232
2000-09-15,0.9681730835495107,0.545159352083906,0.7847894031880855
2000-09-22,0.9309235990604197,0.573069780646683,0.7890915309992027
2000-09-29,0.8667336063322602,0.4763334006690687,0.6960583875636411
2000-10-06,0.8420992272226903,0.44450934908015904,0.6631767681279248
2000-10-13,0.8585465738852971,0.41435977459096063,0.647730854996928
2000-10-20,0.7780297596916912,0.4193259736073307,0.6205675184603923
2000-10-27,0.6789493918627113,0.43748828802332373,0.5934541492339903
2000-11-03,0.6797521856340242,0.49655530544331156,0.6330882802203857
2000-11-10,0.6275677501334479,0.5524280093835006,0.6432295743527536
2000-11-17,0.633726179079249,0.5752787063030163,0.6594898898145063
2000-11-24,0.6175964226966162,0.5827220804945682,0.655115285415873
2000-12-01,0.6849373249986132,0.5688622629236496,0.6838938433789115
2000-12-08,0.6866843352788007,0.5674113152455679,0.6839280619595233
2000-12-15,0.7389464124888406,0.5556888466824073,0.7035385266984941
2000-12-22,0.8623810423922836,0.5224736009687294,0.7428373657178715
2000-12-29,0.8831272954804833,0.4994623069610784,0.7359103588358944
2001-01-05,0.8283508969376812,0.5297277730945756,0.7344993117835323
2001-01-12,0.691958113522592,0.6153448653834319,0.7310355262680116
2001-01-19,0.6255188858676636,0.5980169457649651,0.6851604609540982
2001-01-26,0.6540289720862119,0.6050496243024601,0.7050306982136118
2001-02-02,0.742239004541427,0.6230673019442353,0.7637993013979962
2001-02-09,0.7776283312048842,0.6473121156250348,0.7969341240979393
2001-02-16,0.6812600342414349,0.7437754884341959,0.8048003245223869
2001-02-23,0.6957556864261804,0.7624216435330143,0.8234205569503217
2001-03-02,0.7397927236696178,0.7562664149321683,0.8467318225767219
2001-03-09,0.7015752160682384,0.7919760554578832,0.8440302865890703
2001-03-16,0.7109954183806372,0.695020931772223,0.7991575665041606
2001-03-23,0.8339709911009007,0.5874063670715985,0.8089698134530848
2001-03-30,0.8100807559441789,0.6208088702469499,0.8197050757816723
2001-04-06,0.8300169648929272,0.689967091526231,0.8747514633847498
2001-04-13,0.6853812998954033,0.8101981871908569,0.8717612527966221
2001-04-20,0.7444337701664783,0.724878668993361,0.8650526259290754
2001-04-27,0.7205426860698132,0.7822993928462327,0.8844894068906658
2001-05-04,0.707765357434628,0.6933605207643474,0.8272011977368704
2001-05-11,0.6379350720052108,0.7569139160442219,0.8227605248119277
2001-05-18,0.6342910797889267,0.7557131478823709,0.819724743251215
2001-05-25,0.6548668840888613,0.8110953906275586,0.8627285425726915
2001-06-01,0.6521601123889106,0.7930855066546765,0.8515203117125015
2001-06-08,0.6502795625554431,0.7511034574798535,0.8281729852158344
2001-06-15,0.587815946432948,0.8167919398966936,0.8231209151529522
2001-06-22,0.5752319089248945,0.8282248683762022,0.8197850894932946
2001-06-29,0.5994549067661266,0.8913334264517556,0.8680042967648912
2001-07-06,0.5832664296637573,0.9544976653656227,0.8862061954478846
2001-07-13,0.5938279752049943,0.9763402853167666,0.904328127507368
2001-07-20,0.5802770210995205,1.035948739750504,0.920871894023304
2001-07-27,0.5135543000451704,1.1601532978377909,0.9210112549665582
2001-08-03,0.5274151337335945,1.203315487454597,0.950480626500662
2001-08-10,0.572775596479571,1.129953263346195,0.9637501046482346
2001-08-17,0.5870510182043777,1.1099810524480647,0.9676454041347813
2001-08-24,0.5946000812293936,1.1017349431665673,0.9704652366611127
2001-08-31,0.6088726840039881,1.0430073738838235,0.9569833486948205
2001-09-07,0.6394438121524381,0.9624286115220377,0.945238141756048
2001-09-14,0.6403721266103006,0.9740040290135672,0.9515105502731284
2001-09-21,0.7137845708021894,0.8623439278765496,0.95365038160004
2001-09-28,0.7712742527375985,0.7928889688307997,0.9551571295403259
2001-10-05,0.6576116948671841,0.9097368838035366,0.9523958391408235
2001-10-12,0.617064597325293,1.002941593704756,0.9702889471588642
2001-10-19,0.633705234046378,1.0229329132817744,0.993109221015318
2001-10-26,0.6152081216915757,1.0067756905963874,0.9706418287590222
2001-11-02,0.6534577965432187,1.0217435833260125,1.008481675263782
2001-11-09,0.6428934632630486,0.9935651283434472,0.986536234352245
2001-11-16,0.6014618320804062,1.0564034999208203,0.9847086238479398
2001-11-23,0.5870815755687304,1.0890316547828087,0.987614660068038
2001-11-30,0.5734101364243338,0.9023269043916855,0.8928916103067447
2001-12-07,0.5979150095288157,0.8392669639693082,0.8817566670958462
2001-12-14,0.5931998157154644,0.8458854738464507,0.8816202598266162
2001-12-21,0.5533491839698952,0.9071478803186056,0.8827250727013746
2001-12-28,0.5834764501752032,0.8545691347242104,0.882146821955419
2002-01-04,0.6011896893036655,0.8876427845028921,0.9125352609138645
2002-01-11,0.5574197351968877,0.9424383436296807,0.9062783667874195
2002-01-18,0.5361140856861834,0.940165012184678,0.8875471479594624
2002-01-25,0.6280079517042717,0.7932736085133297,0.8971302928656222
2002-02-01,0.6468891573402473,0.7776020550881073,0.902193253319964
2002-02-08,0.6042868128009803,0.7671779590419896,0.8659739692316049
2002-02-15,0.6205720810391088,0.7344634348728559,0.8597701604319385
2002-02-22,0.5937034131782082,0.6957401630081494,0.8185721652667634
2002-03-01,0.6157971692982137,0.7578308905209765,0.8699117478925229
2002-03-08,0.5919706236943754,0.808294138056643,0.8811473453620716
2002-03-15,0.5883543511812696,0.8150814004358234,0.882030074073126
2002-03-22,0.6303837006925325,0.7841510912219474,0.8977450593278499
2002-03-29,0.6222593568693205,0.7749635403882736,0.8866904645623034
2002-04-05,0.6375725188649625,0.7408605538445652,0.8786876631003325
2002-04-12,0.6677686134122909,0.6986859094261506,0.8753839136314788
2002-04-19,0.6606623397004767,0.7034767581194077,0.8735770561482461
2002-04-26,0.754665233386151,0.7148805333028216,0.9438867416970625
2002-05-03,0.7303831915732605,0.7290452874242065,0.9375713673403145
2002-05-10,0.746858027724992,0.7126006296115943,0.9379862290372739
2002-05-17,0.6971179275907782,0.7600592165943884,0.9367607842921915
2002-05-24,0.7354211566831107,0.7737565660894242,0.9712761433683247
2002-05-31,0.7272759952096366,0.8067600425805341,0.9860997918807732
2002-06-07,0.7179704762265744,0.7814608684967469,0.9645092119326408
2002-06-14,0.7230882893334223,0.8035677460835431,0.9813891950183474
2002-06-21,0.8506630842527997,0.7058226143768277,1.0111442699793969
2002-06-28,0.884120071239414,0.6451901998549818,0.9888404373750173
2002-07-05,0.790547930739445,0.6955040710057515,0.9732862688771629
2002-07-12,0.7929305164717452,0.7397809877298855,1.0051544572871172
2002-07-19,0.8505436122352914,0.7107131006500493,1.0230271122530696
2002-07-26,0.821205887469495,0.7971889500944757,1.0660547838447567
2002-08-02,0.8860727135962906,0.8274577098728733,1.128826104197937
2002-08-09,0.894258835271417,0.8310399064737508,1.136538314829266
2002-08-16,0.8657517716451619,0.8631449334795223,1.1395906590430804
2002-08-23,0.8144756712038127,0.9181028377579642,1.1407493705818152
2002-08-30,0.8295883617056005,0.8895365136141083,1.1341415579952485
2002-09-06,0.8684900696567125,0.9591211355291028,1.2047440463282935
2002-09-13,0.8589534254176038,0.9258598403360714,1.177519984598313
2002-09-20,0.8692653383501515,0.9677445053557395,1.2108390537184692
2002-09-27,0.9201945791381717,0.9029855790536702,1.2072873513086766
2002-10-04,1.0053302489618523,0.8359213319774041,1.2202787363570786
2002-10-11,0.9588927611316578,0.8937765383081756,1.232942908824511
2002-10-18,0.9342567167844311,0.9271412784899188,1.239355194739265
2002-10-25,0.8242938564449185,0.9911668089952694,1.2069413657960508
2002-11-01,0.7209049572797377,0.8789225839673012,1.062765728478366
2002-11-08,0.7095678419317443,0.9341036569510788,1.086952315631862
2002-11-15,0.7423211461459348,0.8744107035946841,1.078482029878697
2002-11-22,0.793817564182987,0.7373847725455549,1.0337792190680388
2002-11-29,0.7980623765776602,0.7214213279836412,1.025626932364037
2002-12-06,0.7442481148039783,0.7546399564751096,1.0135188299023932
2002-12-13,0.7030104042655453,0.775072382030649,0.9983409270232398
2002-12-20,0.709760766122728,0.7559642937500443,0.9911632381001684
2002-12-27,0.6510430198150412,0.7522740226636325,0.9469882886863598
2003-01-03,0.645625503036525,0.7482166903541271,0.9404672575955862
2003-01-10,0.6598060950583275,0.7568685633330043,0.9563289289117645
2003-01-17,0.6476461000738515,0.7674933596527768,0.953924372340339
2003-01-24,0.6603215659484551,0.8107546156835067,0.9897999083858194
2003-01-31,0.6536515493520934,0.82019118668784,0.9903500402951794
2003-02-07,0.6755467019124123,0.7871082184061077,0.9876807255155053
2003-02-14,0.5869789747603705,0.8740895148721154,0.9751680367387344
2003-02-21,0.5901160264924101,0.8738998948061751,0.9777213014560908
2003-02-28,0.593167874534339,0.8726198496157416,0.9795970796469949
2003-03-07,0.6202425685513406,0.8451985408219818,0.9873025676796777
2003-03-14,0.6113091454794056,0.844284777737155,0.9795297471601009
2003-03-21,0.5919410614028586,0.8234889203067919,0.9518812356080727
2003-03-28,0.5865057366949216,0.8528677210510046,0.964071897945828
2003-04-04,0.5600421128648221,0.8518825703950921,0.9413494953338227
2003-04-11,0.5815834771869641,0.8241470983825526,0.9447850402315209
2003-04-18,0.5618574946319015,0.8461168133471455,0.9407940358763011
2003-04-25,0.6028489716950387,0.8894779809067939,0.9994197138354863
2003-05-02,0.6245960731468337,0.9070208617773027,1.0274620862714048
2003-05-09,0.6453714480550882,0.8768514462731459,1.0281325018462704
2003-05-16,0.6681457592432192,0.8464427640621018,1.0291512982020965
2003-05-23,0.671584594853973,0.8326533975351632,1.0236332021510457
2003-05-30,0.7506061549141502,0.7521830072174449,1.036543804836713
2003-06-06,0.7615011227181909,0.7679748097268365,1.0548815132606888
2003-06-13,0.725469047455629,0.8002727477989607,1.0511818342375747
2003-06-20,0.7134140333973739,0.8630335707200798,1.0826873466841274
2003-06-27,0.7080737778330924,0.8751433722819151,1.0860025776179454
2003-07-04,0.7238143685443263,0.8727295521754025,1.0968420501339826
2003-07-11,0.7469494920792831,0.8831716837176365,1.1211480653497727
2003-07-18,0.6869265612962181,0.9122307318837263,1.093300894775505
2003-07-25,0.7403607602105021,0.8990280056521428,1.1289010658446363
2003-08-01,0.7258757763811,0.9135283352023804,1.1265664621948674
2003-08-08,0.6479497322029576,0.8936504015599191,1.052892882362609
2003-08-15,0.6676505776231348,0.8859516516392723,1.0647670909738853
2003-08-22,0.6679743658919874,0.9223769266606833,1.0864895324409918
2003-08-29,0.6959939480587976,0.9038113438847641,1.0990041694015065
2003-09-05,0.7056708319558351,0.910208090301291,1.110606972591878
2003-09-12,0.6847518582972071,0.8918670070542509,1.0828524823258936
2003-09-19,0.7113267386885589,0.8872144605221751,1.1015081467040633
2003-09-26,0.7191811018357269,0.9608226840196633,1.1525060308631292
2003-10-03,0.7450564483396479,0.9296274493233715,1.1553033845831915
2003-10-10,0.796751675819522,0.9213824722004312,1.191146830269264
2003-10-17,0.7865923557509423,0.9195494573602521,1.1822421450108116
2003-10-24,0.7573277096669019,0.9247739039391767,1.1631110485389176
2003-10-31,0.7205151861028357,0.9372115607009593,1.1419561395772087
2003-11-07,0.677684556824223,0.8521338424736052,1.0565336572504176
2003-11-14,0.6155376057523873,0.876173130028358,1.0217491339086648
2003-11-21,0.5995814915300894,0.8537065672859264,0.9954036196388704
2003-11-28,0.6199050122862447,0.8900284601944423,1.033364632074224
2003-12-05,0.60701790098628,0.8852655070722816,1.0197019279959927
2003-12-12,0.6032156574468753,0.8543922389503327,0.9990136333210926
2003-12-19,0.5972503274371691,0.8236090126105423,0.9763331200091047
2003-12-26,0.6037377020501616,0.8581884570468895,1.001833378235825
2004-01-02,0.5994263752892607,0.8426234871184713,0.9892792235180838
2004-01-09,0.5935001723984092,0.8473825695438725,0.9870319484471638
2004-01-16,0.5800988817077325,0.869589161328398,0.988349129495225
2004-01-23,0.562640576683795,0.9000181376506698,0.9901381151625211
2004-01-30,0.5667063646475019,0.925618347584007,1.0075913487074404
2004-02-06,0.5882612715284165,0.90137415860904,1.0141925469324267
2004-02-13,0.5880465998366607,0.9077141610814811,1.0175006626870875
2004-02-20,0.5993001891326231,0.9049240759781066,1.0258946367259227
2004-02-27,0.59878876336192,0.874660327487469,1.0086301275726521
2004-03-05,0.6287827563987243,0.830847621943475,1.0096212361857602
2004-03-12,0.6522712776458246,0.808219587264055,1.0153698794290567
2004-03-19,0.6406458851113818,0.8419305288112873,1.026904144256171
2004-03-26,0.6779609706857164,0.8710604669056229,1.074813792518328
2004-04-02,0.6530830036507045,0.8755560224476231,1.057425803078183
2004-04-09,0.6461293234768688,0.8542210645860143,1.039055328412705
2004-04-16,0.6587093475377144,0.9191336052637029,1.088073491447599
2004-04-23,0.6137618925776217,0.9535697064029048,1.0702055070591296
2004-04-30,0.6257010695247667,0.9290603135512864,1.0673349371020204
2004-05-07,0.6324593080404384,0.9193894045246632,1.067766034825863
2004-05-14,0.6363052704031854,0.9015043115942378,1.0608942313976601
2004-05-21,0.6410676428325491,0.9071476891797842,1.0681976346006956
2004-05-28,0.5839644411063621,0.9854867951201792,1.0649081294825993
2004-06-04,0.5875602264483716,0.9845280907969794,1.0677432309891122
2004-06-11,0.6023610035328992,0.9679777438516461,1.0726568320452148
2004-06-18,0.618446713708109,0.9416070539238794,1.0729355291767908
2004-06-25,0.6342440454274929,0.9209663789113082,1.0753785876972366
2004-07-02,0.6206642080237628,0.9419823869584173,1.075669366611577
2004-07-09,0.6225637926619945,0.9474954680480485,1.0804337391097303
2004-07-16,0.6635206355176491,0.930406932734403,1.107118422231217
2004-07-23,0.6926817302924809,0.9058744083978835,1.117614406536346
2004-07-30,0.6971417197227636,0.9080998250726934,1.1226288597986227
2004-08-06,0.785863963543769,0.781949361999151,1.1190198460885021
2004-08-13,0.7421625815622233,0.8183027322024837,1.1127972399885733
2004-08-20,0.6924977317627576,0.8598114772006448,1.1025030340407143
2004-08-27,0.6942107775354304,0.8862230936145359,1.1204945465869824
2004-09-03,0.715302816376629,0.879643433354784,1.1337724246059837
2004-09-10,0.7116198391032945,0.8348745486646608,1.102511025666241
2004-09-17,0.71089901429357,0.8146291227383274,1.0888361586864117
2004-09-24,0.7217452841358887,0.8238656526347782,1.103357050284258
2004-10-01,0.7190325209962268,0.7744347710133964,1.0687921398587834
2004-10-08,0.7499051283148103,0.7694576337048379,1.0888201627109557
2004-10-15,0.8146462113111292,0.7000597061206516,1.0886048376337312
2004-10-22,0.8461812803152577,0.6248464543247376,1.0527564109931085
2004-10-29,0.8516378673755969,0.6020739094139204,1.0374097984549489
2004-11-05,0.7965842623682123,0.6681591656119072,1.0590382370273868
2004-11-12,0.7922148893367572,0.6553005757745515,1.0460861911224348
2004-11-19,0.812704351853769,0.6546125263367663,1.0593408866447123
2004-11-26,0.888215116681963,0.6151831594360491,1.078241677904524
2004-12-03,0.881173319470119,0.6113835118964162,1.0706191341113955
2004-12-10,0.9280585022994549,0.578542125389771,1.071469569792301
2004-12-17,0.9216816061569286,0.600384443719604,1.0875455985278457
2004-12-24,0.9306497042152964,0.6059280850616365,1.0978628045730348
2004-12-31,0.8975279057832443,0.6301291921193,1.099437643373317
2005-01-07,0.9211323893622869,0.660459328468714,1.1401192200702397
2005-01-14,0.9145053567404013,0.627739254225456,1.1082499691703918
2005-01-21,0.9165249342346737,0.6473890605688719,1.1265029268483542
2005-01-28,0.9448857931409214,0.6484692140758204,1.1451953677071909
2005-02-04,0.9358783499006476,0.6218426870474671,1.1165798262511322
2005-02-11,0.9259075685719144,0.6068192570461295,1.0972917323995837
2005-02-18,1.0114069539910657,0.5656955644168815,1.1124962257388813
2005-02-25,1.0437407210949003,0.5476107879979037,1.1131939078480877
2005-03-04,1.0047810166499411,0.5653835393913484,1.109720287369496
2005-03-11,0.9640538733762362,0.5854062159036406,1.1060532834822017
2005-03-18,1.008527354887287,0.5773264189881087,1.1245826702529176
2005-03-25,1.0121457005788825,0.5987381820364702,1.1470846590452954
2005-04-01,1.0007239220176227,0.6026005918314149,1.144112724192957
2005-04-08,1.0055146844240979,0.5776803919299012,1.1237120659464475
2005-04-15,0.9514283834818719,0.5827505643733135,1.0977317053428968
2005-04-22,0.9099598093932485,0.5719111330998728,1.0633308845703067
2005-04-29,0.9002548534014283,0.5639944545743724,1.0503340951975617
2005-05-06,0.8919623658871214,0.5743546166036579,1.0548594350786953
2005-05-13,0.8884144448175905,0.5521110777968481,1.032694806421962
2005-05-20,0.8598760936331241,0.5455382813145825,1.009756461898532
2005-05-27,0.8370990580722455,0.5303307067155761,0.9823224913282992
2005-06-03,0.8418385432261919,0.5199393727081413,0.9757228424686742
2005-06-10,0.844065756205658,0.5325086064113094,0.9886012858760859
2005-06-17,0.8106283490955491,0.5253859553519471,0.9621536926544291
2005-06-24,0.8365099313690665,0.512849946069422,0.966561136855731
2005-07-01,0.8267913509212422,0.50759539942598,0.9559817838387296
2005-07-08,0.7943112645134377,0.521129205252781,0.9493302592467869
2005-07-15,0.7824809932459145,0.5165967622489864,0.9380746907903255
2005-07-22,0.7788661362955829,0.5070801525875116,0.9273943711900292
2005-07-29,0.7796841585139092,0.48648809404477844,0.9094300082897033
2005-08-05,0.7950923066490471,0.49328248405227604,0.9248184435041444
2005-08-12,0.8089857792807742,0.497525095552823,0.9369561663888597
2005-08-19,0.7869612763439935,0.5036481294283185,0.9296041819792714
2005-08-26,0.8003018090279271,0.5041924856170426,0.9381305688031611
2005-09-02,0.7921841261195961,0.4966833435526599,0.9264304398425013
2005-09-09,0.828584195757491,0.4624942157952961,0.9168723817349165
2005-09-16,0.8245702113143277,0.45733755486480815,0.9095968269112334
2005-09-23,0.8503013145326899,0.4405877644531666,0.9077373901999444
2005-09-30,0.8854634135790385,0.44906460680452226,0.9354352475967517
2005-10-07,0.863919956473121,0.45440649722101123,0.9292870110474079
2005-10-14,0.8539538821741657,0.47231722083697836,0.9417767482203071
2005-10-21,0.8676973587354381,0.4284413713938931,0.9066188432630283
2005-10-28,0.8090547747312585,0.45849216023032424,0.9065526335345305
2005-11-04,0.8590491282701522,0.44061590676986667,0.9177854314226486
2005-11-11,0.8426290336090181,0.43916565882969066,0.9073611913417584
2005-11-18,0.8317065662834408,0.4569606290977167,0.9193875510190953
2005-11-25,0.8720175645266086,0.42998130770273374,0.9154966981692879
2005-12-02,0.8681916002766145,0.4231801752403758,0.9063506372048166
2005-12-09,0.885721562810367,0.41235478233954925,0.9043150698513053
2005-12-16,0.8908855485557013,0.41402861911896705,0.9088023788846886
2005-12-23,0.9051238261189166,0.4069461976716604,0.9085865990624264
2005-12-30,0.8992471582914572,0.4096967814320139,0.9085895338130535
2006-01-06,0.9227784947951818,0.39152511333131096,0.9009561494588324
2006-01-13,0.9659946201172657,0.3806016234359213,0.9101453519173422
2006-01-20,0.9123375034499072,0.40021861162256395,0.907367290258453
2006-01-27,0.9287633682449812,0.4185157524134165,0.9360302810621745
2006-02-03,0.8991100231750365,0.39879718345467546,0.8991762820171249
2006-02-10,0.8753719617624026,0.40287149172256165,0.8915766362305606
2006-02-17,0.898282545324972,0.40036240717624244,0.9007509548682846
2006-02-24,0.9048533004126427,0.4020397820846074,0.90595988266324
2006-03-03,0.9249823772439676,0.38966055162332547,0.9025602834326206
2006-03-10,0.9590179784458573,0.38366654417691237,0.91268560407319
2006-03-17,0.9634757986291794,0.3818831402129232,0.9127688275140029
2006-03-24,0.999400176468926,0.37274125234132743,0.9194084468734328
2006-03-31,0.9791875220685452,0.3828953684938458,0.9222061152993096
2006-04-07,0.9536422883031822,0.38855707140254925,0.916625167006859
2006-04-14,0.966946808164707,0.4005225592377701,0.9369813621060233
2006-04-21,0.9468885279189787,0.39721699274834077,0.9232817118881008
2006-04-28,0.9589645431046145,0.37659954078437946,0.9057933685398797
2006-05-05,1.0186212944692654,0.37543045129037883,0.9331422000212064
2006-05-12,0.998114344469413,0.3655460857365949,0.9115219458594255
2006-05-19,0.9765561726287362,0.3671689723349853,0.9034686172984866
2006-05-26,0.9557618912144173,0.37106074062036587,0.8983551087537737
2006-06-02,0.974805879007678,0.3695483603281938,0.9056858892696334
2006-06-09,0.9966848880233575,0.352975940333221,0.8961396976185472
2006-06-16,0.9721534730020313,0.34303181239492403,0.8725194969996498
2006-06-23,0.9850511674707274,0.3319341241223526,0.864584045857023
2006-06-30,0.9557960250941449,0.3352860066441524,0.8557731703237911
2006-07-07,0.9777484408144301,0.32999843542765045,0.8591779769826616
2006-07-14,1.0341689809824492,0.31996710180696597,0.8716509757375914
2006-07-21,0.9537748370694736,0.34086125244240795,0.8650077086739213
2006-07-28,0.8841983312731252,0.3400206270015472,0.8317925431189551
2006-08-04,0.8839912692702393,0.3276867403391469,0.8169029859802044
2006-08-11,0.9142407370412611,0.3292051326001048,0.8330095505046551
2006-08-18,0.8267487252113263,0.3168047268141137,0.77698749071293
2006-08-25,0.836751021802202,0.3116436441895209,0.7755750083460258
2006-09-01,0.7810034997222358,0.31050264073950085,0.7478403853900605
2006-09-08,0.7806797687297128,0.3216558983148059,0.760850091399889
2006-09-15,0.7768453444835188,0.3022025857776256,0.7363886681267459
2006-09-22,0.7943208456680059,0.30617989268114515,0.7495846217155515
2006-09-29,0.7951490634022231,0.3108409707014564,0.7555767360261134
2006-10-06,0.7857528999046864,0.3091112652510481,0.7489638881357774
2006-10-13,0.8153396305051487,0.2957169996119099,0.7474326808971974
2006-10-20,0.8033674173934002,0.31839498304399444,0.7699348857688603
2006-10-27,0.7496766313176962,0.33400917000120506,0.7622105475256951
2006-11-03,0.7495358882605619,0.332591706942391,0.7605519939641883
2006-11-10,0.7648075049128749,0.32649764369066614,0.7616209246764273
2006-11-17,0.8012848724054304,0.31350640866318413,0.7652848270764715
2006-11-24,0.8216973920268091,0.3058073684967422,0.7660112259176157
2006-12-01,0.7633832223090687,0.31606777709945116,0.750895366973087
2006-12-08,0.7389016204964288,0.32922398583745804,0.7539399174430704
2006-12-15,0.7515847490196582,0.3392304466510461,0.7717703729000822
2006-12-22,0.7540202892443492,0.3369173234324758,0.7704657466775131
2006-12-29,0.7503002217439327,0.3370673283587194,0.7686960128867242
2007-01-05,0.7049081754323521,0.35114468973079693,0.7607245046608222
2007-01-12,0.7254915677159864,0.3637022757688225,0.7853846219362917
2007-01-19,0.7087906366218318,0.36230072951850645,0.7746838741161182
2007-01-26,0.7084474133608264,0.36379910471224397,0.776063142769889
2007-02-02,0.6987370780898201,0.3736312923713044,0.7809216352715392
2007-02-09,0.673331748747154,0.38198042538718985,0.7750004480245877
2007-02-16,0.664533735725423,0.378793277846802,0.7666681176406819
2007-02-23,0.6579949025319163,0.3855615441192382,0.7695372581704492
2007-03-02,0.6780957482667171,0.39564733658855705,0.7913896000765133
2007-03-09,0.6645446559087439,0.390376524374781,0.7781588623450422
2007-03-16,0.6784858980055732,0.3785778819335415,0.7749525820003209
2007-03-23,0.6615811922860816,0.389670008334633,0.7762392344860629
2007-03-30,0.6693661537671882,0.3833227697476525,0.7746979418307711
2007-04-06,0.6620913958730491,0.3852009226046426,0.7722662505655722
2007-04-13,0.6527139258462784,0.39125419680059526,0.7726388962559304
2007-04-20,0.6623690255057033,0.38283216709367396,0.7703128503527485
2007-04-27,0.7466788651979119,0.3490553016999432,0.7869839964681512
2007-05-04,0.7515329874470249,0.34431192859109777,0.784349914256569
2007-05-11,0.7707389087958852,0.3402894077975738,0.790076993738123
2007-05-18,0.7717616231261389,0.34177884940179454,0.7923066224398863
2007-05-25,0.7986415939353324,0.3365214152493639,0.8004007503182365
2007-06-01,0.7999493526005899,0.33348824143328354,0.7975325533109039
2007-06-08,0.8442419620192328,0.30932277075829684,0.7917162234089345
2007-06-15,0.8470828868086299,0.31798644096486584,0.8039443377367191
2007-06-22,0.8915627106905708,0.3012860365690235,0.804768583898066
2007-06-29,0.86700827565531,0.3094619311590424,0.8041743259018178
2007-07-06,0.8991180036957283,0.29556803863181524,0.801659430836007
2007-07-13,0.9407450571096261,0.2952325863436706,0.8201349506118086
2007-07-20,0.9446591011505825,0.2949637373602033,0.8215084410643134
2007-07-27,1.0323036576499394,0.2956763911035485,0.8613383487239885
2007-08-03,0.9640081984805932,0.31499164671884655,0.8598689309694215
2007-08-10,0.9443386158629261,0.32738586285203,0.8675095820966178
2007-08-17,0.926971344961692,0.3274647647093037,0.8594784257786883
2007-08-24,0.9990503731196179,0.3376017331997098,0.9065914077156079
2007-08-31,1.0404102926693326,0.3387565021941025,0.9272457185950315
2007-09-07,1.0512796660377874,0.3436058653277356,0.9386909488023569
2007-09-14,1.0323385546940425,0.34989832241573177,0.9384952925784033
2007-09-21,1.0650189563490016,0.3388217064519587,0.9390781012520969
2007-09-28,1.108243836552542,0.33588962519896837,0.9545250856740545
2007-10-05,1.112072388620243,0.3321826150522245,0.9510422553110628
2007-10-12,1.105585719362073,0.32464946710795933,0.9376419530230357
2007-10-19,1.1353486289527646,0.3150302193768206,0.9368919245261593
2007-10-26,1.0426399702165292,0.3157145510125085,0.8988874947153166
2007-11-02,1.150159397311837,0.3047691285266664,0.9308683781611323
2007-11-09,1.0500859458835545,0.3216193357344816,0.9148056340387943
2007-11-16,1.0432729743823737,0.32075700903980287,0.910577451046416
2007-11-23,1.0614979679166023,0.3225201279303086,0.9211404487930839
2007-11-30,1.0002349288446897,0.34456392700613037,0.9248995752893621
2007-12-07,1.002244286126926,0.3590395038787577,0.9448938047732338
2007-12-14,0.990258846106502,0.37769563161872394,0.9632005112460684
2007-12-21,0.9982378272583081,0.3729949290157182,0.9612808215765539
2007-12-28,1.0012781808605473,0.3646326928884192,0.9522092589236286
2008-01-04,1.0110320751966535,0.39023599127882014,0.9897128749238716
2008-01-11,1.0472335937354769,0.37337758912956304,0.9868208518447179
2008-01-18,1.0575503207496677,0.3693145692319807,0.9865131266434319
2008-01-25,0.9965430315214513,0.35077457625796565,0.9332240022261777
2008-02-01,0.9721587300045478,0.338119896239035,0.9050790972404977
2008-02-08,0.9813664363697413,0.34219369590672344,0.9147947764526311
2008-02-15,1.0078720482244676,0.35803532155800044,0.9481504297739263
2008-02-22,1.0384289183146551,0.3422794700199129,0.9423523950722509
2008-02-29,1.027345814793834,0.3385673982568998,0.9322151690950786
2008-03-07,1.0730419282706811,0.3260057485442613,0.9363997894985633
2008-03-14,1.0958786146501438,0.3122437147564814,0.9271826686879552
2008-03-21,1.1147854131639672,0.3291105003318488,0.9598887750280255
2008-03-28,1.0226765762599712,0.3350546297017691,0.9279539160453352
2008-04-04,1.0183913955741901,0.3156495563363476,0.899627020093231
2008-04-11,1.0253315258562994,0.32781207211034025,0.9197446222274268
2008-04-18,0.9763946595531361,0.31512782323855953,0.8799202644967836
2008-04-25,0.9737316843415875,0.31486973182835054,0.8783435368738783
2008-05-02,0.9324068552064639,0.3194428454895239,0.8655929478131249
2008-05-09,0.9373502573476356,0.30820727811134724,0.8530086772646418
2008-05-16,0.9149724624569263,0.3086856484768853,0.8432757954008967
2008-05-23,0.8732349798066449,0.32726711264607156,0.848547800548046
2008-05-30,0.9186555834150483,0.3134925662350266,0.8535417530264344
2008-06-06,0.9231107636450427,0.307500218765102,0.8476544409846799
2008-06-13,0.8748454928653749,0.3342413883595058,0.8611940326886897
2008-06-20,0.872435266149648,0.32830840806499206,0.8524910419630695
2008-06-27,0.8691332865941539,0.32860807057956115,0.8512275700024393
2008-07-04,0.959342841827827,0.29499488659428275,0.8535878680980885
2008-07-11,1.0007610252127883,0.2795661461678147,0.8504913474337752
2008-07-18,0.9063395863088032,0.3023072341978388,0.8434952145574066
2008-07-25,0.8606408269103749,0.3172197674332482,0.8422093264483657
2008-08-01,0.8472026909243554,0.30701446913360375,0.8222235406171182
2008-08-08,0.8730629766774255,0.2991689080599406,0.8247190039561295
2008-08-15,0.8286775565770327,0.32184450360238975,0.8339857112518134
2008-08-22,0.8056568232330564,0.3252996820421138,0.8265632018127957
2008-08-29,0.8158774167862907,0.33838216813607847,0.8482037396881561
2008-09-05,0.8401919540982048,0.35742151288508883,0.8844849618759161
2008-09-12,0.9127618620735136,0.39093379265176575,0.9640838782222307
2008-09-19,0.9123776967364494,0.3937958855474937,0.9673368965792272
2008-09-26,0.9070190919150276,0.39480916666233123,0.965660594235533
2008-10-03,1.0525675760445827,0.35191290016254645,0.993229083900091
2008-10-10,1.0256503435387911,0.36053064094681997,0.9922027356129073
2008-10-17,1.0006804440462285,0.34547850342655995,0.9595821046499154
2008-10-24,0.9997712548762827,0.33268344136879135,0.941716778170529
2008-10-31,0.8771343603427152,0.39535429236788106,0.9697861387110637
2008-11-07,0.9375403864682266,0.3896234119854946,0.9969436581432972
2008-11-14,1.000661445588192,0.38046325839252787,1.0196729157535787
2008-11-21,0.9710869578486497,0.34912210245795366,0.9631345749609367
2008-11-28,0.8898836728494104,0.39243660162663685,0.980649998666915
2008-12-05,0.8261401649589799,0.4215073051380009,0.9804479004548693
2008-12-12,0.734129209691002,0.440425263249161,0.9463488666131707
2008-12-19,0.7380375518836537,0.44848404411066767,0.9574055327751596
2008-12-26,0.7601452555695764,0.4766819327592833,1.0015336604999685
2009-01-02,0.7152852517917401,0.45918305307346413,0.9533787398347976
2009-01-09,0.7240082814947614,0.44274999264481624,0.9425811744207595
2009-01-16,0.769920621753308,0.42493719609338804,0.954464833508472
2009-01-23,0.7596418985822606,0.4651554558796102,0.9922503250445833
2009-01-30,0.7792780058927103,0.464565265039535,1.0047091828442642
2009-02-06,0.7449258923808452,0.49146572855643006,1.0106480025444855
2009-02-13,0.7117361085779282,0.5267338770168984,1.0232431703116955
2009-02-20,0.7478870942769014,0.5218624674299601,1.0451007516227613
2009-02-27,0.7850770181330362,0.5793017636600645,1.1279819207702935
2009-03-06,0.8576021965037306,0.5283417322503158,1.1324653804809606
2009-03-13,0.7681560629578082,0.5865659375669846,1.1334257443335483
2009-03-20,0.7822952452819912,0.5765651769494102,1.1345889312489306
2009-03-27,0.7529155893035725,0.5414917215346631,1.0790333083514225
2009-04-03,0.8066243568004046,0.5080048453438907,1.0855641454550056
2009-04-10,0.8336331363267007,0.4663183379885177,1.0604284664248416
2009-04-17,0.8367048761548427,0.4624223133731638,1.0580775394059385
2009-04-24,0.8372376771023604,0.4528845683945162,1.0477233353049362
2009-05-01,0.8243962166905698,0.4696745772487613,1.0585711736733714
2009-05-08,0.7375863344756293,0.4576085170043422,0.9884127100601694
2009-05-15,0.6998763060006172,0.4791375815429406,0.9854449034128772
2009-05-22,0.6923422770765814,0.5129844040845976,1.014160476422045
2009-05-29,0.7273560930634735,0.5266230121816435,1.0535252712459156
2009-06-05,0.6959083830139372,0.5635912627907348,1.0665562372522854
2009-06-12,0.697398191629416,0.5521633919530655,1.0571191866307004
2009-06-19,0.7170177031742038,0.5411433263871189,1.0619385084816682
2009-06-26,0.7190898951756735,0.529326566712459,1.0521359769246357
2009-07-03,0.7011983579382666,0.5420028514659204,1.0511413269484968
2009-07-10,0.7180412635118337,0.5525288706985982,1.074019943054982
2009-07-17,0.6933508883183052,0.585805494981688,1.0868997630039767
2009-07-24,0.6551020462701886,0.565509831889103,1.0378732655827165
2009-07-31,0.6665979416120864,0.558509661380872,1.040860683549892
2009-08-07,0.6848843584596863,0.5282425551187047,1.0277672026356712
2009-08-14,0.6951692906830776,0.5248987132287449,1.0324464583188744
2009-08-21,0.6940779798267391,0.5263167261291108,1.0329873873856734
2009-08-28,0.7121248662312147,0.5111259395139119,1.032065469596913
2009-09-04,0.7289082900222357,0.5037407371838744,1.037156119037577
2009-09-11,0.7163116728127957,0.5054078102124528,1.0297010279595245
2009-09-18,0.7084206305256617,0.5263426693635235,1.0448257079468704
2009-09-25,0.6851642096660303,0.532642510224885,1.0334693671574458
2009-10-02,0.6849206190481922,0.5151557782650747,1.016650366490055
2009-10-09,0.691374103231843,0.5192628480039657,1.025506996192152
2009-10-16,0.665302308287264,0.5062398872980917,0.9931842520715524
2009-10-23,0.6800330727088174,0.4693874182727863,0.9689542239066027
2009-10-30,0.6906781060683342,0.46624325262632554,0.9735052724796005
2009-11-06,0.6846034363053192,0.4718381699061473,0.9748666390240732
2009-11-13,0.7057035414801283,0.45729568518793,0.9754560516349745
2009-11-20,0.7045616312408636,0.4699172642932887,0.9878488233246943
2009-11-27,0.7212655177775289,0.460236853865813,0.9898132320452441
2009-12-04,0.6991300791692542,0.4555849910551984,0.9694225744585988
2009-12-11,0.6830136047711832,0.444317725735661,0.9462772882204481
2009-12-18,0.6677085294997583,0.4253064881427657,0.915619861854453
2009-12-25,0.6762987221317895,0.425864692909337,0.9222142875853298
2010-01-01,0.6853423781070558,0.41816195002352347,0.9203247240799209
2010-01-08,0.663084946331977,0.4185392764347101,0.9054942397183597
2010-01-15,0.6350764144003961,0.4414754454832087,0.9103192391431586
2010-01-22,0.6457891511068001,0.451693439347142,0.9284757358329839
2010-01-29,0.6351033372725248,0.4484365991591733,0.9173617178855002
2010-02-05,0.6345315307579922,0.4631277146839116,0.931672598280204
2010-02-12,0.6480818532994078,0.47737763081475726,0.9558676889945058
2010-02-19,0.638263292156065,0.4924750895728206,0.9633034009571307
2010-02-26,0.6241801122770155,0.4872277681015538,0.9474360274720042
2010-03-05,0.6160522598270074,0.49602658339017547,0.949533455743785
2010-03-12,0.6280746774822109,0.48688761203836445,0.9504047252527161
2010-03-19,0.6262930837934348,0.4954062688325862,0.9571814374061971
2010-03-26,0.6408274296498373,0.4738144948813915,0.9480562396991105
2010-04-02,0.6498593259601124,0.4812907480768621,0.9622012047768685
2010-04-09,0.6491206692753879,0.47804449340959004,0.9584623228110672
2010-04-16,0.6593981113321938,0.4684161336033074,0.9567358573851568
2010-04-23,0.6814361809159899,0.4489081560466341,0.9535056353034516
2010-04-30,0.673101769554949,0.4486353078450616,0.9472761621269739
2010-05-07,0.6641470181240274,0.45539915380381585,0.9478521297613623
2010-05-14,0.6888768217441635,0.43200079581398376,0.9419725545825611
2010-05-21,0.6859951744909591,0.43962820784257806,0.9481163303723918
2010-05-28,0.6889922832243931,0.44860063393108107,0.9597134335013184
2010-06-04,0.6919003700183082,0.44462470894600453,0.9576090190382448
2010-06-11,0.704034919947586,0.44463015135462686,0.9661767670422271
2010-06-18,0.7098258037390804,0.439600659047742,0.9648709308763775
2010-06-25,0.740536919618476,0.4449439456390213,0.9919022090590667
2010-07-02,0.7741382686215587,0.4343612065166824,1.0032825752660082
2010-07-09,0.7546895852997113,0.44372911529013814,1.001039321832236
2010-07-16,0.7488728776636696,0.4468984083332267,1.0006107174634138
2010-07-23,0.7416113849112042,0.4584102725118531,1.0082990942045353
2010-07-30,0.771011063247585,0.43959537505910884,1.008390845975768
2010-08-06,0.7495644509702832,0.44542734837088616,1.0006486984858485
2010-08-13,0.7458750991422348,0.4519442720197224,1.0053143058849434
2010-08-20,0.7376080920350603,0.4682605933304475,1.0174249404301756
2010-08-27,0.7377913021722274,0.47050771380264594,1.0199471294538314
2010-09-03,0.7522754344918668,0.4759265208629525,1.0359133153434084
2010-09-10,0.7681466119286228,0.4800950059149814,1.0515029225136805
2010-09-17,0.7452590328898474,0.48366916977161445,1.039367691734407
2010-09-24,0.7319419553923919,0.4881687864091128,1.0346390871513775
2010-10-01,0.7123759678501542,0.5153949426816532,1.048824994646907
2010-10-08,0.7152771501623173,0.5190147990376209,1.0546135213050951
2010-10-15,0.7538394151086701,0.4691916607001219,1.0339733927498864
2010-10-22,0.7557365357110344,0.46801088778200195,1.0340244378584869
2010-10-29,0.7180477114406904,0.48452797085041505,1.0256235857582743
2010-11-05,0.6887250274401671,0.49444272611322304,1.0145589182201529
2010-11-12,0.6974658077316587,0.45115186533262625,0.9775797188403128
2010-11-19,0.7254998124680215,0.43263258623066786,0.9779409052856342
2010-11-26,0.7885306028310161,0.43491610891082083,1.0237858366113073
2010-12-03,0.7493623870324466,0.44423505765144716,1.0086132526187364
2010-12-10,0.7373684246650292,0.4542527983293305,1.011532499834139
2010-12-17,0.73219602729281,0.4588410714939542,1.0129235003084165
2010-12-24,0.7186183401418027,0.4630251277171235,1.0078752467068033
2010-12-31,0.6985875380146457,0.4380324310947764,0.9668854802871855
2011-01-07,0.7930468291663685,0.4407007561946259,1.0364235363202356
2011-01-14,0.8130427837284198,0.39599983744455003,0.9982142379469395
2011-01-21,0.7781621955925171,0.39613407266103595,0.9765477216097274
2011-01-28,0.8071550142698299,0.38985243775625217,0.9875058938137697
2011-02-04,0.8372077152563155,0.37174815790539917,0.9837708726333242
2011-02-11,0.8181326151358134,0.38476221802557525,0.9892258074348592
2011-02-18,0.8513617451485382,0.38118234918360466,1.0051973463223944
2011-02-25,0.8191288809271082,0.3909570096103349,0.9984308136900266
2011-03-04,0.7721263613796429,0.38236634124474267,0.9584690572662024
2011-03-11,0.7442143548378515,0.36714268988442206,0.9220990149280837
2011-03-18,0.7629131924800123,0.36805608297513565,0.935034925584554
2011-03-25,0.7701131192745199,0.38328765510603074,0.9585017590983159
2011-04-01,0.713908156519349,0.3873565518784138,0.9278263982218982
2011-04-08,0.7098670000518275,0.3750404261047928,0.9106879360792813
2011-04-15,0.7062518970252969,0.3937314597961855,0.9305715243705948
2011-04-22,0.7171321628124321,0.3917332533741655,0.9355651395583483
2011-04-29,0.6929542883676941,0.3968208179567725,0.9254406892285886
2011-05-06,0.691530752563246,0.3974572035353628,0.9251989881382362
2011-05-13,0.7264542571974841,0.38812755429426965,0.938373613906678
2011-05-20,0.7379522571700678,0.3890977864932255,0.9470952278553978
2011-05-27,0.7317582086385575,0.38256482423917587,0.9352475981041808
2011-06-03,0.7492224067299448,0.37969632602882314,0.943189380004174
2011-06-10,0.7557117615633298,0.39176478795638114,0.9620495660266956
2011-06-17,0.7615480136085244,0.387994392355094,0.9612986942432602
2011-06-24,0.7889651104404789,0.39537719302801605,0.9879088255793081
2011-07-01,0.7852369052465473,0.39246688749360964,0.9819642954550273
2011-07-08,0.8099515556886147,0.37631731219352055,0.9779136334367751
2011-07-15,0.7863754486444049,0.36497324375943435,0.948951420558273
2011-07-22,0.7595520990740339,0.36208916431237664,0.9287736820013471
2011-07-29,0.8001953556129416,0.3515186617942284,0.9408193073908683
2011-08-05,0.8059996276778252,0.35345273298505486,0.9468358338226338
2011-08-12,0.7912637520544338,0.36049437950224267,0.9472572983985083
2011-08-19,0.7789072464508767,0.37189358946340206,0.9543987840210276
2011-08-26,0.7587066929379047,0.38681166826940916,0.9605468778155829
2011-09-02,0.7800557659608311,0.39125637973795696,0.9797366774811308
2011-09-09,0.7870972697798834,0.38149268866718905,0.9722607092489363
2011-09-16,0.7836674535752627,0.37483766407722313,0.9617867779773241
2011-09-23,0.800927570520448,0.3619545952253792,0.9563821855452668
2011-09-30,0.7791929478466382,0.39823058798545674,0.9901364018490236
2011-10-07,0.7138791476268579,0.4078313360688029,0.9595257820234905
2011-10-14,0.7262956689809422,0.4092750803022995,0.9696990742647631
2011-10-21,0.6633029246065479,0.42420416100825453,0.9441612662263459
2011-10-28,0.6232187685865447,0.4243854607511295,0.9152710600577483
2011-11-04,0.6479823489176246,0.4251660857004269,0.9346371827629066
2011-11-11,0.6463558085176023,0.42600754177736294,0.9343478640193306
2011-11-18,0.6470418043375038,0.419776956228756,0.9281547849453662
2011-11-25,0.659782839560967,0.40982122700241924,0.9266818135560001
2011-12-02,0.6591353620531974,0.4390617313638346,0.9586287820664255
2011-12-09,0.6280955600489632,0.4599027235589521,0.9579196231700439
2011-12-16,0.6151953127923178,0.4448158660111128,0.9324856561408593
2011-12-23,0.615500357436677,0.4265790223498691,0.9139810397989089
2011-12-30,0.6203173136309134,0.4255922374720188,0.9165912467927214
2012-01-06,0.6044622971529333,0.43033992329306336,0.909659856640724
2012-01-13,0.6465408439563458,0.39464942423054444,0.9049615139074494
2012-01-20,0.5838262861740351,0.41552070010875686,0.8836701133926974
2012-01-27,0.5526941766573822,0.42735136601427276,0.871980507903301
2012-02-03,0.5535918329517407,0.429526795702837,0.8748783790481524
2012-02-10,0.5653911513061078,0.4205899315487712,0.8754619574469966
2012-02-17,0.5590187270183108,0.40406757340922417,0.853573189544651
2012-02-24,0.5684606272494976,0.4037281785913183,0.8605716337177127
2012-03-02,0.5892254373032247,0.39520936099924764,0.8676964141179943
2012-03-09,0.5972231356007442,0.39260047737055265,0.87089289056903
2012-03-16,0.6301567211123057,0.37174919217991675,0.8727032373774632
2012-03-23,0.6173272475941171,0.3647142861667348,0.8555497608287967
2012-03-30,0.6168961431529943,0.3687910007556185,0.859932963783597
2012-04-06,0.6170265091941197,0.3613049517672506,0.8514689782550703
2012-04-13,0.6099477518213161,0.3593988055478112,0.8442869835168604
2012-04-20,0.5971743072965068,0.36915534323328086,0.8465081397178831
2012-04-27,0.6124531855869193,0.36728017383822176,0.8554418554193155
2012-05-04,0.6071757663971611,0.3576788110537026,0.8407218979005208
2012-05-11,0.6011064912973232,0.36673918529713023,0.8468768736141233
2012-05-18,0.6033312606777359,0.35398150529219935,0.8340337069873341
2012-05-25,0.6013038318002196,0.3640406834058411,0.8442228778291944
2012-06-01,0.6183959028458285,0.35819529882228307,0.8498119104935408
2012-06-08,0.6085202441643768,0.36717406381038736,0.853335175292913
2012-06-15,0.6038312800063874,0.3627259965920793,0.844915590014026
2012-06-22,0.5601050161168849,0.3562946253974258,0.8063797961377616
2012-06-29,0.5620126741386892,0.3696976034546583,0.8226494960465598
2012-07-06,0.5674297550744508,0.3842797171997778,0.8425976765448716
2012-07-13,0.5434206751951264,0.3924567308342286,0.83321087337322
2012-07-20,0.5511002715603888,0.41041413849681024,0.857902238070225
2012-07-27,0.5283626699544042,0.41882214827391573,0.8484725397392773
2012-08-03,0.5445740450489908,0.4111806036530886,0.8541559354937902
2012-08-10,0.5369907220512209,0.4388567353515422,0.8762743668818739
2012-08-17,0.5382985167682532,0.4243284694915592,0.8631424302458671
2012-08-24,0.5463830135054222,0.4223642099398301,0.8677925827057335
2012-08-31,0.5531315783251225,0.41561221033831486,0.8664566312356587
2012-09-07,0.5621289166672424,0.40900268516010824,0.8668873181545758
2012-09-14,0.5568510723959842,0.41608252213037605,0.8700935974857289
2012-09-21,0.5658288528153318,0.4138276651502718,0.8749338120733494
2012-09-28,0.5737517125538049,0.4140969061997077,0.8814585203201107
2012-10-05,0.5851499575019241,0.39775923203249697,0.8733385618712812
2012-10-12,0.5840529210254841,0.39221170653068954,0.8665331053303016
2012-10-19,0.5609074380950465,0.3960114747472534,0.8531414962020091
2012-10-26,0.5557192180002222,0.40041671332978546,0.8537705429325706
2012-11-02,0.5473065549105524,0.39809517406435607,0.8447549934568475
2012-11-09,0.5603044851936758,0.3849532267600856,0.8413127432038039
2012-11-16,0.5675355085672867,0.3807578274738727,0.8423534547668874
2012-11-23,0.5480285163195281,0.394118301115677,0.8420818647683269
2012-11-30,0.5538317716681164,0.3938463761918845,0.8463430672805484
2012-12-07,0.5823720538739972,0.3961455620199474,0.8709998168191816
2012-12-14,0.5806646923082933,0.3998513456955216,0.8736920098934825
2012-12-21,0.5849699456813433,0.40213008712130927,0.8794352136134203
2012-12-28,0.5844317771290903,0.4042440158115018,0.8812889156729091
2013-01-04,0.586302115653365,0.39681199118124344,0.8747844335568736
2013-01-11,0.5844818562616297,0.39966547942428315,0.8764834489568767
2013-01-18,0.6033417623359817,0.41261506436241685,0.9048228670801856
2013-01-25,0.6472719743385074,0.39960965079088706,0.9244297668991154
2013-02-01,0.6330872128945502,0.4081296372954915,0.923763227749159
2013-02-08,0.6315087107767432,0.4121110593312165,0.9270064070202438
2013-02-15,0.6261573423293768,0.4148856700307086,0.926061059395726
2013-02-22,0.6244681271019143,0.4157371284777471,0.9257190388157264
2013-03-01,0.6249298993001382,0.4079442862699794,0.917562085151885
2013-03-08,0.6386133257019121,0.4154713302152892,0.9361035698051077
2013-03-15,0.6098006643677596,0.41585126767076014,0.9149915946265919
2013-03-22,0.5971169276235404,0.4201012293337664,0.9098729448207282
2013-03-29,0.5920044399566136,0.42706411745584993,0.9132937316379675
2013-04-05,0.6260255101534097,0.4099714872538041,0.922132812477667
2013-04-12,0.6159621563085045,0.4111236638206715,0.9158461356704803
2013-04-19,0.6789278815615605,0.37444347641589776,0.923520702423248
2013-04-26,0.6810817769739411,0.38029633068935403,0.9320904717421798
2013-05-03,0.6844454509104586,0.3784181526218443,0.9321807745736063
2013-05-10,0.7571486116188796,0.32974360930424634,0.9238855909553993
2013-05-17,0.819389688817148,0.30936436814014295,0.9346147918899125
2013-05-24,0.8248430228562256,0.3023019634797193,0.9273271266965862
2013-05-31,0.8246560718128381,0.29419052430012466,0.9150228985730797
2013-06-07,0.8220340044536643,0.2931758190852996,0.9119925969819123
2013-06-14,0.8124615884148677,0.2958319250489352,0.9106286302327213
2013-06-21,0.8271194343324915,0.3012149498058778,0.9271267011748076
2013-06-28,0.8574676539697259,0.2918027471927796,0.9302681513612248
2013-07-05,0.8753833435414429,0.283165483965777,0.9266794449884318
2013-07-12,0.9054473663673309,0.27494371064878576,0.9297152044806011
2013-07-19,0.8318618379678308,0.27771740666794836,0.8957928139645112
2013-07-26,0.8623491173265713,0.2670024794866619,0.8955881844034281
2013-08-02,0.8628734191973212,0.26459720417884164,0.8919109881195777
2013-08-09,0.8724632112865895,0.25943690844797285,0.888437852734436
2013-08-16,0.8384062009839958,0.2506109093609293,0.8559416000492398
2013-08-23,0.8553919834383759,0.23882999699762789,0.8450584843821499
2013-08-30,0.8647562226244805,0.2350654408776305,0.8432453168430973
2013-09-06,0.8894823426329819,0.24748207576682668,0.8773714166338639
2013-09-13,0.8427606128480775,0.2566216601850449,0.8697595816470991
2013-09-20,0.8706577169169339,0.24452878387386895,0.8643463947176372
2013-09-27,0.9004208607198525,0.2443037216441669,0.8790199387772917
2013-10-04,0.893857911332155,0.2487455583246124,0.8835878588480923
2013-10-11,0.8812249413488422,0.25493875450431636,0.8880053431747328
2013-10-18,0.8501234641203177,0.2630934762397,0.8859512513749712
2013-10-25,0.8440152825905362,0.2565640638969391,0.8719279741938374
2013-11-01,0.8163965048760888,0.25555396212990955,0.8556993003498142
2013-11-08,0.745229375854919,0.24756667476631397,0.8045610067412602
2013-11-15,0.7603914768876642,0.2460618590209902,0.8105089161323107
2013-11-22,0.7754358538581263,0.2407475181338771,0.8101033602898955
2013-11-29,0.7581172111546123,0.25293257640619593,0.8209783332044236
2013-12-06,0.7430355889321432,0.26254297162951135,0.8279429996392693
2013-12-13,0.7243647602019035,0.26595255977112,0.8226074546909384
2013-12-20,0.7306553464306009,0.27133496868795004,0.8344101677951333
2013-12-27,0.7200591626507418,0.268756564907049,0.8243542580236427
2014-01-03,0.7150839264506073,0.27106816597008176,0.8249260900591423
2014-01-10,0.7223312512350719,0.2721844064134488,0.8308535535492103
2014-01-17,0.6757248347756338,0.2865616682993059,0.8250365950007663
2014-01-24,0.6561527276673449,0.2917074384523154,0.8201160252827191
2014-01-31,0.655617840171811,0.2781538946895667,0.8010964995394761
2014-02-07,0.6394502993718428,0.2827242150608514,0.797477475996117
2014-02-14,0.6450405232619086,0.2772035179973846,0.793398374574384
2014-02-21,0.685056970104048,0.2650638149173213,0.8014591822507027
2014-02-28,0.7079232319916562,0.25580297389361445,0.8013712742130369
2014-03-07,0.6930113617045514,0.25877359146597273,0.79732741165713
2014-03-14,0.6672912564193996,0.2691701915716589,0.7979440286574454
2014-03-21,0.6806248955832337,0.27474589910767766,0.8141749270317035
2014-03-28,0.6577112555905297,0.2738483311516196,0.7988974149917208
2014-04-04,0.6765328401805808,0.2670104699725152,0.8007742101328225
2014-04-11,0.6707203005740117,0.26264464803196996,0.7908485327876671
2014-04-18,0.6627755481081662,0.2577789134719144,0.7788909141124805
2014-04-25,0.6847726845985195,0.24838406466710033,0.778154885769751
2014-05-02,0.6889779189617701,0.24820090613515436,0.7803098298348755
2014-05-09,0.6726076969300806,0.24061716094744126,0.759170561873337
2014-05-16,0.6722959176732555,0.24451687310909376,0.7650224613300768
2014-05-23,0.6512236996512263,0.2534116328237741,0.76643956909025
2014-05-30,0.6532400311761638,0.2536876408926193,0.7680585808471913
2014-06-06,0.6515427051231361,0.2529158790078662,0.7658958101240922
2014-06-13,0.6529045625386936,0.2550890676841575,0.7699378960424583
2014-06-20,0.6348176990906698,0.25130424603993934,0.7534643899224519
2014-06-27,0.6240059062531124,0.24695335096130785,0.7405277597941263
2014-07-04,0.6095143349944518,0.25185616004476763,0.7389669865698495
2014-07-11,0.6077840331575288,0.2560778656636331,0.7439694362604792
2014-07-18,0.6092753286850733,0.2522278384630341,0.7394171350762927
2014-07-25,0.6207577263999382,0.25942409143835676,0.7568624886926562
2014-08-01,0.6144277162460046,0.26786259998258394,0.7649959186548473
2014-08-08,0.609751224587517,0.27189373613392376,0.7676709599413379
2014-08-15,0.6280633192041518,0.2710160876815425,0.7782097850959226
2014-08-22,0.6284582071709416,0.26907337281840277,0.7757247385033313
2014-08-29,0.6363463802438457,0.2643328415400676,0.773989237373457
2014-09-05,0.6230115052559311,0.2588042431407258,0.7577852117735012
2014-09-12,0.6409267494254351,0.2558242140040171,0.7646171199062518
2014-09-19,0.6248735531369214,0.2630624896521937,0.7654584723143929
2014-09-26,0.6174680883847075,0.26277099321997144,0.7604179382235585
2014-10-03,0.6177158141362405,0.26625513164950154,0.7655158494844254
2014-10-10,0.6271054323042295,0.25155463101300246,0.7507298094813255
2014-10-17,0.6008316034250469,0.2591985216413241,0.7458769569093027
2014-10-24,0.6081352054862037,0.26447564474756885,0.7579431134383264
2014-10-31,0.6081648093853587,0.2656411472917256,0.7595992301745115
2014-11-07,0.6266103161491874,0.25924377227007556,0.7623772414782191
2014-11-14,0.5994364651713651,0.2629349239442626,0.75084312310699
2014-11-21,0.5957474572221171,0.2726297254057532,0.7620582167463059
2014-11-28,0.612325130147041,0.26143138878517563,0.7575251349352617
2014-12-05,0.6215773006954293,0.27702924242513505,0.7855153783767266
2014-12-12,0.6110137722204314,0.2748982428526914,0.7757476814057439
2014-12-19,0.5985056275915448,0.27777285449447675,0.7716281342889532
2014-12-26,0.5823638283023367,0.28510114663028163,0.7709975372645544
2015-01-02,0.5832538188389911,0.2816899595611671,0.7670762815852565
2015-01-09,0.6073480422738405,0.294950894334362,0.8009324380832797
2015-01-16,0.606153437930042,0.29132609609413573,0.7953043178468936
2015-01-23,0.5958384682863145,0.29710550521620804,0.7961386727387426
2015-01-30,0.6276189105516424,0.2916048062258606,0.8105617404166854
2015-02-06,0.6065365075436708,0.30276039693095075,0.8118810735600075
2015-02-13,0.6538311692845329,0.29382109968528963,0.8324045383104846
2015-02-20,0.6402826044108801,0.2934248347782352,0.8230605853037974
2015-02-27,0.6494077426019147,0.3021759368587261,0.8410733716860666
2015-03-06,0.6727590919031888,0.29200746456929444,0.8426178283681452
2015-03-13,0.669929724463389,0.29040836554665656,0.8385492824124278
2015-03-20,0.6604367815858944,0.29271736278965854,0.8357597909781603
2015-03-27,0.6551394506009811,0.2981265962794794,0.8399129197776192
2015-04-03,0.6543810842350534,0.3043824251947711,0.8480566701416413
2015-04-10,0.6468169318067248,0.31143822551221073,0.8526955292473749
2015-04-17,0.6312111066701176,0.31084481050533114,0.841410771481585
2015-04-24,0.6437969386315381,0.3289260839439564,0.8739554537508025
2015-05-01,0.6316541024468637,0.3234682325000344,0.8584433026570798
2015-05-08,0.6104491817496964,0.3189082203571302,0.8378193248965836
2015-05-15,0.6081108024883851,0.3165589411945599,0.8331577597824009
2015-05-22,0.6127619387689649,0.31747074193921,0.837582822244921
2015-05-29,0.6019311339050156,0.3261544900808234,0.8412657612744525
2015-06-05,0.6093542629763179,0.3218957868478311,0.8411702491738718
2015-06-12,0.6148551196318324,0.32488297665301663,0.8488679615116917
2015-06-19,0.6114447218974775,0.32228052861302653,0.8431343869827933
2015-06-26,0.6327733937802162,0.32155946114959066,0.8572034343027298
2015-07-03,0.6487141464022801,0.3135525872442465,0.8577496415086425
2015-07-10,0.6358478639137032,0.3164607933858688,0.8529764730558426
2015-07-17,0.6578426815185692,0.28592556732593577,0.8276741863515646
2015-07-24,0.6754567866764991,0.27826975059085574,0.8281089233649559
2015-07-31,0.6830540018847829,0.27385964023965703,0.8264240233234005
2015-08-07,0.6382393933185404,0.26036460404359313,0.7788192084332384
2015-08-14,0.6466794235513726,0.25717152152528305,0.7793877569044556
2015-08-21,0.6401203421599901,0.2585859419878859,0.7774589059261243
2015-08-28,0.6396443332898922,0.2679879474798897,0.7910208371727381
2015-09-04,0.6354940019700308,0.26949394433299195,0.790583253205442
2015-09-11,0.6513929590093505,0.2639145006850042,0.7926434216174807
2015-09-18,0.6726431412093355,0.2567896595571788,0.7953366034726758
2015-09-25,0.652844186016387,0.260454061109114,0.788965219602425
2015-10-02,0.6746164156659014,0.2621358236457351,0.8048764396753068
2015-10-09,0.7105125560071648,0.24713617227289214,0.8041339769284256
2015-10-16,0.7450272383859561,0.23947689384776225,0.8118319188919093
2015-10-23,0.7613946173192669,0.2301529856425088,0.8054302519714774
2015-10-30,0.7719071359978267,0.22697528053998028,0.8056484011518322
2015-11-06,0.7737572875823078,0.22441413841192215,0.8021766347686975
2015-11-13,0.7830346479464156,0.21984364451271862,0.7990715717207638
2015-11-20,0.779982705499608,0.21886707069029004,0.7957438263348211
2015-11-27,0.7686297642831974,0.22103549482072543,0.793703632420043
2015-12-04,0.7904384885469922,0.21571507987889538,0.795819599961967
2015-12-11,0.8027435430523725,0.21057652408872057,0.7928428452238969
2015-12-18,0.8087952416511149,0.2128348431113833,0.800058006161486
2015-12-25,0.8118153160719868,0.2139577420204502,0.8036501509239999
2016-01-01,0.8109425085793768,0.21412344488345028,0.8035147565968583
2016-01-08,0.8062663434821653,0.21428708158907356,0.8014536505865143
2016-01-15,0.7574779452799199,0.20542731813734108,0.7604862273817415
2016-01-22,0.780266122822029,0.2109803379457629,0.7822269004784551
2016-01-29,0.8017564228169567,0.20816440021264968,0.7880926109560007
2016-02-05,0.8033068572080376,0.18228504501952755,0.7408420513245313
2016-02-12,0.8330435267230225,0.1745878485607196,0.7394886002000646
2016-02-19,0.8008926667887217,0.19022976449341222,0.757415390366987
2016-02-26,0.748227995902177,0.19925574596277598,0.7496403684051369
2016-03-04,0.7226751310677237,0.1996215707906561,0.7372633668537111
2016-03-11,0.729411242499268,0.20239017080245084,0.7457791643777408
2016-03-18,0.7311412926358488,0.19672551211775177,0.7364489527263685
2016-03-25,0.7204424551945703,0.20153739588702013,0.7397850455720298
2016-04-01,0.7121293361238219,0.1920459066922018,0.7183546467165661
2016-04-08,0.719065363933484,0.18839371369812302,0.7152250179348538
2016-04-15,0.6942393291996004,0.19012522251172662,0.7058583984099122
2016-04-22,0.7017580837301308,0.19382576324236778,0.7164902302773594
2016-04-29,0.6851885373774157,0.18922448253829935,0.6995279563457615
2016-05-06,0.6514624971864929,0.19128331489459646,0.6857052187382621
2016-05-13,0.6932650079843187,0.18483445688325809,0.6968046069767818
2016-05-20,0.7154672896014166,0.1860005234862811,0.7103361590053047
2016-05-27,0.7008698879827101,0.18905201243696187,0.7086601677138171
2016-06-03,0.7148272473630831,0.18902019237425907,0.7157963689938316
2016-06-10,0.7101476513433463,0.191876434920476,0.7187094677787789
2016-06-17,0.7364160337651217,0.18928701533998762,0.727508320383593
2016-06-24,0.7607766913039212,0.1811303304945591,0.7244100961461207
2016-07-01,0.7430203867673763,0.1852053687300753,0.723779472041009
2016-07-08,0.7656596408705526,0.1859715986312713,0.736490112464935
2016-07-15,0.7543881306258051,0.18812197457603727,0.7351371826916815
2016-07-22,0.7544420221274486,0.18205361065958547,0.7235396686830435
2016-07-29,0.7428597970851287,0.17306934814876052,0.7003738598347584
2016-08-05,0.7657043224885324,0.167850819107899,0.7010021220817633
2016-08-12,0.7874689718792762,0.16367566476757833,0.7026129210221381
2016-08-19,0.7857515210591535,0.16302176572856722,0.7004557311240154
2016-08-26,0.7927705594440586,0.16319170252957338,0.7040035752191368
2016-09-02,0.818127960961889,0.1561303439643267,0.7005510568330987
2016-09-09,0.8007111384023093,0.15838118999831954,0.6978985622973487
2016-09-16,0.8175584662038288,0.17172639948285265,0.7342103481233315
2016-09-23,0.8171176494870672,0.16999828843797865,0.730386756358912
2016-09-30,0.8197373984334932,0.1665915172659802,0.7244056441022081
2016-10-07,0.8316685619754635,0.1687134794760275,0.7343039328384238
2016-10-14,0.832769635173786,0.1677410148212257,0.7327248028639097
2016-10-21,0.8274441852876744,0.16550200284619201,0.7255417199501033
2016-10-28,0.8144641873235048,0.16484041036088642,0.7183176266510695
2016-11-04,0.8035829848329442,0.16710498645552688,0.7182624826722971
2016-11-11,0.9067450951662062,0.1514299172855187,0.7322443392270384
2016-11-18,0.9442504398367059,0.14847420466352576,0.7406791441963687
2016-11-25,0.9311946960373024,0.15257944056244543,0.7454969996999752
2016-12-02,0.9542130393860723,0.14794368647407963,0.74378888422083
2016-12-09,0.9631962453750702,0.1504765933648974,0.7536008837279864
2016-12-16,0.9709803473491699,0.1536513781203694,0.7644996043111316
2016-12-23,0.9953368949033988,0.14493877394306198,0.7530264525984331
2016-12-30,0.9860892239065524,0.14534273179273424,0.7504884384746631
2017-01-06,0.9428115477519813,0.14712965681742218,0.7382195429537952
2017-01-13,0.9608056127660893,0.14391222858220945,0.7374890512034595
2017-01-20,0.9615475417702567,0.1428999727520917,0.7352365688768435
2017-01-27,0.9980293634380489,0.14411345463345193,0.7525183990954265
2017-02-03,1.0116791475470173,0.1463863349650675,0.7635830944763506
2017-02-10,1.0365702414221316,0.1433028187550782,0.7652764806530293
2017-02-17,1.016868709405373,0.14630051441810193,0.7657084581912668
2017-02-24,0.9856016935116332,0.148947463805765,0.7604963251124345
2017-03-03,0.9859087853965431,0.14519902043794616,0.75123544192386
2017-03-10,0.9765234061302268,0.14347673305139838,0.7432215849433502
2017-03-17,1.0049496965677094,0.1500160775079704,0.770856187606832
2017-03-24,1.0078109389113594,0.15334626395114334,0.7803633089352943
2017-03-31,1.0401208820409953,0.152122834534744,0.7900658495106552
2017-04-07,1.1026927863540696,0.15082122765457479,0.8109828324184735
2017-04-14,1.1246312273235397,0.15082653423718267,0.8192224631386369
2017-04-21,1.0985520909683788,0.15408284996402305,0.8182075824455157
2017-04-28,1.0992905321450466,0.15067530399939194,0.8096181143329303
2017-05-05,1.109603248532097,0.14974092431493752,0.8110291359888346
2017-05-12,1.0595739060295961,0.1492888249959563,0.7911864753405856
2017-05-19,1.049778830257134,0.148297089326025,0.7848813324908379
2017-05-26,1.081292631383738,0.14836278074249992,0.7970637251487116
2017-06-02,1.1182299482171894,0.14543003094612728,0.803221362048048
2017-06-09,1.1055101587227811,0.1455742389702185,0.7989538764250702
2017-06-16,1.11795942071892,0.14013012592891355,0.7888942983426493
2017-06-23,1.1369576294500332,0.14017000151496462,0.7958389301925007
2017-06-30,1.0691617444001356,0.14317358015702472,0.7800052435818102
2017-07-07,1.0209284792608277,0.14891525183859095,0.7773992629832096
2017-07-14,1.038628612475442,0.1544609016876383,0.7984617937211678
2017-07-21,1.0589431562777556,0.15354460757872332,0.8041016709980754
2017-07-28,1.033266289989951,0.1543578702367846,0.7962493732815861
2017-08-04,1.0104599054564165,0.15962041013012046,0.8005965763666795
2017-08-11,0.9985560822936694,0.1603614762831145,0.797610313584549
2017-08-18,1.0111371225799741,0.1629901555747291,0.8091425775326722
2017-08-25,1.021018424587776,0.16253540422404483,0.8120671616757085
2017-09-01,1.0219089640513932,0.16310942210157386,0.8138340921294906
2017-09-08,0.9827485818042657,0.1667024991552703,0.8067227904647736
2017-09-15,0.9866265579893225,0.16914397206604537,0.8141373179118155
2017-09-22,0.9723345312808256,0.17353376248004834,0.8184823489114315
2017-09-29,0.9717534529904249,0.1712560255155143,0.8129668154466252
2017-10-06,0.9527820055979845,0.17423986064950606,0.8118187330746054
2017-10-13,0.9665610709426042,0.17266153692722808,0.8141993844249905
2017-10-20,0.9706047425625066,0.1683312729070928,0.8059263531673196
2017-10-27,0.961280898438359,0.16358835869554605,0.7908482718431046
2017-11-03,0.9896382627340223,0.15804331603986405,0.7896014484283369
2017-11-10,1.0013885354390444,0.15514439232820343,0.787281382520751
2017-11-17,0.9874660903950838,0.15689042643792983,0.7860444075854349
2017-11-24,1.0142304729108693,0.15227264584196756,0.7855649311218257
2017-12-01,0.9812268784304187,0.16452326223312566,0.8035130368347481
2017-12-08,0.9728160850906429,0.16344033065232955,0.797409158842143
2017-12-15,0.9419831320230263,0.1602808949925947,0.7769684156517169
2017-12-22,0.9554155375478299,0.16393415342340295,0.7912977202557028
2017-12-29,0.9579890927859401,0.16441059337244837,0.7935116792571563
2018-01-05,0.9714461872079609,0.1679285692018503,0.8075173759843685
2018-01-12,0.9778538363741651,0.1666920181598536,0.8073180314326539
2018-01-19,0.958506924404019,0.1690930912357837,0.8048752832723469
2018-01-26,1.0195816046227932,0.16292354260177186,0.8166257176224332
2018-02-02,1.0586212481518236,0.158856966785564,0.8225750820641339
2018-02-09,1.0445853399015341,0.15835817083562603,0.8157489129005194
2018-02-16,1.0562475773531843,0.15627078331741268,0.8151210402422376
2018-02-23,1.0856018212878042,0.15195522789426905,0.815635418591271
2018-03-02,1.087823224059942,0.1516025405881662,0.8155583072925423
2018-03-09,1.1156622420453324,0.14854907979271054,0.8181466434246947
2018-03-16,1.1200689872355674,0.14968840046337645,0.8228700412859792
2018-03-23,1.1043132034931298,0.15466072666356573,0.8303678165631043
2018-03-30,1.133324327557219,0.14962450160682383,0.8282345271628682
2018-04-06,1.041435334280809,0.15399822794075135,0.8058673254910383
2018-04-13,1.0330094958833127,0.15667089926410463,0.8093992166330629
2018-04-20,1.0760235672174434,0.16070557994807536,0.8367989210092862
2018-04-27,1.0820630733995311,0.16238592869434001,0.8434823759131658
2018-05-04,1.126665214499596,0.1736748973854855,0.8899514073124675
2018-05-11,1.1371227678565676,0.16978981104609242,0.8844038472724853
2018-05-18,1.161397751990552,0.16760870851292398,0.888459987572107
2018-05-25,1.163311725113392,0.1677758823523883,0.8896408215026432
2018-06-01,1.1745412901181131,0.16619243711081763,0.8899031520157762
2018-06-08,1.1461915487860552,0.17174283084794728,0.8935214488874689
2018-06-15,1.0985607962152528,0.16101675246544958,0.8472370372788769
2018-06-22,1.079980905237405,0.16375350879526152,0.8469907369732314
2018-06-29,1.062508082324015,0.16078152398463025,0.8324693724880569
2018-07-06,1.0072556314154846,0.1682369769891724,0.8293219840424949
2018-07-13,1.0358021159816309,0.16587974844854037,0.8356083738290966
2018-07-20,1.016799481036386,0.16773368142110512,0.832370984581458
2018-07-27,0.9892019378127527,0.162173433585261,0.8073278592736852
2018-08-03,0.9651221092795562,0.17508615551480555,0.8288192338564376
2018-08-10,0.9859722476163759,0.17446462522809394,0.836505373847133
2018-08-17,0.9499642895424923,0.1778186463618169,0.8288140648102378
2018-08-24,0.9165142488594277,0.1878365909086499,0.836824625787378
2018-08-31,0.9351449232316573,0.18540558039625046,0.8401879267400325
2018-09-07,0.9308107628371778,0.18453329207043861,0.8362650340379412
2018-09-14,0.9025752922890026,0.1888032516637133,0.8328179414897718
2018-09-21,0.8825178067054495,0.19256632022076767,0.83151946839229
2018-09-28,0.8891745405889778,0.19361065187948173,0.836927546742171
2018-10-05,0.8626512272317319,0.19204919283745603,0.8208915839367127
2018-10-12,0.8650600086687142,0.18564372682615388,0.8086389991927203
2018-10-19,0.876821967727457,0.17876653695055494,0.7995600174985283
2018-10-26,0.8314208451531298,0.18508051229560005,0.792296769758421
2018-11-02,0.8072595070568646,0.18304858236071933,0.7762948981681373
2018-11-09,0.8273549528577799,0.1775528079819028,0.774721786424117
2018-11-16,0.901551649389244,0.1569177246272923,0.7660058049933983
2018-11-23,0.9261429077313553,0.14876654417387516,0.757152735956327
2018-11-30,0.8834445303921316,0.15728395271962042,0.7606063150257557
2018-12-07,0.9346598784112479,0.15280505352211565,0.7724686079628725
2018-12-14,0.9315947069667511,0.1529865179161702,0.7716268007477718
2018-12-21,0.9754960866743927,0.1545259043413018,0.7939709009129732
2018-12-28,0.9395328453616074,0.15471068662640147,0.7795136911715239
2019-01-04,0.9168776001402454,0.15883126406282508,0.7801081768078979
2019-01-11,0.8993768863667972,0.16663343151295218,0.7913015641882201
2019-01-18,0.8340015676490209,0.1549280059148621,0.7347298109576204
2019-01-25,0.8237261666969731,0.15310780196079357,0.7258834698653978
2019-02-01,0.8254232013282812,0.1655167476314114,0.7554842121704128
2019-02-08,0.8113515743121843,0.16491166901856147,0.7475644043904907
2019-02-15,0.7799749255199248,0.17135459783285423,0.7471427262873042
2019-02-22,0.7979101570668522,0.1715206334217354,0.7562562456718739
2019-03-01,0.8016081771616759,0.17011769655743472,0.7550109174137873
2019-03-08,0.8102448392669555,0.17040054767366475,0.759773370228744
2019-03-15,0.8575420104664666,0.1706768479530739,0.7829877527292478
2019-03-22,0.8915672657295617,0.16082856623054703,0.7766794501938697
2019-03-29,0.868349410659012,0.16506762062863936,0.7764029798829934
2019-04-05,0.8999886630027437,0.16064590500443357,0.7806301166717917
2019-04-12,0.8934746497507927,0.16172244595878496,0.7803139621000931
2019-04-19,0.8863219265105968,0.16284601041668104,0.7797867205300953
2019-04-26,0.920033916575957,0.16191065029807014,0.7927120035175137
2019-05-03,0.8983653440038286,0.16520267958830984,0.7910947060866997
2019-05-10,0.8731656065024709,0.16365540089763678,0.7761496878825535
2019-05-17,0.8921145714441157,0.1520432924409603,0.7577411417879579
2019-05-24,0.9221004128264376,0.14067366367410422,0.7429498425476492
2019-05-31,0.9471609993271104,0.13929758015282565,0.7496812118583297
2019-06-07,0.9138041226165008,0.14806410956074778,0.7593485965452409
2019-06-14,0.9087570512430891,0.14985994932985713,0.761725122264368
2019-06-21,0.8914873332848449,0.15290561967526103,0.7619339502129233
2019-06-28,0.8723356801859327,0.1520166686201552,0.751417771472224
2019-07-05,0.8735767860005843,0.15412494402756172,0.75707117594472
2019-07-12,0.8482312314322086,0.14607902301273867,0.7264996937780749
2019-07-19,0.8195010890808663,0.14048632399838434,0.70032046603186
2019-07-26,0.8034757989291402,0.14561865388845982,0.7058801003676133
2019-08-02,0.7812528333504617,0.15255474303677763,0.7124082123247357
2019-08-09,0.7990479717906034,0.15416062861643873,0.7243569509324894
2019-08-16,0.807784803033463,0.15230509585412022,0.7241209184352384
2019-08-23,0.8110825968676362,0.15119218642040813,0.7230343162710913
2019-08-30,0.8347694991522491,0.15114423670857857,0.7336867898637932
2019-09-06,0.8423846766889769,0.1500948075785842,0.7346018514406827
2019-09-13,0.8492606782526669,0.15271399245382083,0.7439425168106989
2019-09-20,0.8343659044984703,0.15762759998354295,0.7490241962810938
2019-09-27,0.8511338679403487,0.15471837471482827,0.7499217604062384
2019-10-04,0.8422086189418658,0.156802417204143,0.7508642845670706
2019-10-11,0.8670327235333863,0.1552612317453254,0.7585295523546176
2019-10-18,0.8903567259147273,0.15653887479565487,0.771992019134497
2019-10-25,0.9204280163642812,0.1376194715102682,0.7395479529826594
2019-11-01,0.9014387196180024,0.1398117573098556,0.7375444817303721
2019-11-08,0.9261712568789282,0.13491540959754736,0.7351994437304099
2019-11-15,0.9419657647149924,0.13387712181352188,0.7388178055946129
2019-11-22,0.9258665625624714,0.1375330232835724,0.7422702466724376
2019-11-29,0.9297757457825286,0.13718022862086235,0.7429346422150823
2019-12-06,0.9292301644474017,0.13759547355341661,0.7438147685009734
2019-12-13,0.9587202052778316,0.1395646835419172,0.7610673263247894
2019-12-20,1.0170849533476496,0.13591033083352627,0.774919401694949
2019-12-27,1.0290096564009221,0.1343168647894879,0.7750976295366102
2020-01-03,1.0478388889216508,0.13185908078051922,0.7753758558790964
2020-01-10,1.101785255730106,0.1270509062383551,0.78186738850215
2020-01-17,1.1409630286896992,0.1236104029190045,0.7856623720286187
2020-01-24,1.1909890164891914,0.11656204892850569,0.7812639830084956
2020-01-31,1.214073437287546,0.11300641167622939,0.7773017792995742
2020-02-07,1.3060098308369832,0.10642468345819998,0.7851181331619906
2020-02-14,1.3335647995490179,0.10820799630064155,0.8000119578090531
2020-02-21,1.398359526706629,0.1023844804451238,0.7987234119203848
2020-02-28,1.366654693877651,0.1053300285227564,0.8007551510823908
2020-03-06,1.4220299707600799,0.10110493056749309,0.8015509583532323
2020-03-13,1.3855545209643234,0.10347860705595992,0.8002938701688475
2020-03-20,1.4074470689150962,0.09873115152617057,0.7887423879851317
2020-03-27,1.4001597884944208,0.10783574999720026,0.8223143609399625
2020-04-03,1.3465459711028966,0.105322341275166,0.7968666541269879
2020-04-10,1.3095164058137316,0.117144617011544,0.8295411460490197
2020-04-17,1.5720417760951797,0.10798057367186618,0.8825130998585918
2020-04-24,1.6019074020931243,0.10753622295125635,0.8892803389315208
2020-05-01,1.5343835745326726,0.11400308534180999,0.896384743698931
2020-05-08,1.6566219282265429,0.1073083003974033,0.9069873125562148
2020-05-15,1.8131350139321385,0.1001990185904983,0.9212175953387376
2020-05-22,1.7501066483634211,0.0975490638088995,0.8929490557421532
2020-05-29,1.6569887126296434,0.10249105112494482,0.8909028531267574
2020-06-05,1.5026179599442755,0.10509147783661947,0.8596693618796174
2020-06-12,1.6439105250777408,0.1107580791297559,0.9236022938442935
2020-06-19,1.7304837575200978,0.11204904770697238,0.9536762464695463
2020-06-26,1.79180554150817,0.10928616606650964,0.9593779307678342
2020-07-03,1.956834173983813,0.1008784571683551,0.968244897611912
2020-07-10,2.2307605952006955,0.08714311784778568,0.9727202216800342
2020-07-17,2.0778753964029533,0.09311547226568105,0.9714124585411399
2020-07-24,1.9943550984934622,0.09546353456567509,0.9635141249855488
2020-07-31,2.1745808455119695,0.09647914611169837,1.012928286123283
2020-08-07,2.2136733709490035,0.09513041495404279,1.0152703868210606
2020-08-14,2.344501334741567,0.09685482021217266,1.0548813914697455
2020-08-21,2.6529207778863255,0.08411355652719517,1.0576036136317428
2020-08-28,2.7067122818844482,0.08362817454228234,1.0655444896065809
2020-09-04,2.6523347402755135,0.08577851596307953,1.0680616924559785
2020-09-11,2.5339439332710443,0.08891946637623285,1.0629278393904247
2020-09-18,2.6619025148692526,0.08180584921263513,1.0486086534171437
2020-09-25,2.7991337489990533,0.0870562579647153,1.109159218675856
2020-10-02,2.8265060712946015,0.08526767822327319,1.103518374261068
2020-10-09,2.823348930976898,0.08510011588598201,1.10182697232369
2020-10-16,2.820569418809292,0.08423846473160564,1.0958053175863642
2020-10-23,2.7106375168023216,0.08599866426628909,1.0852559415781555
2020-10-30,2.6574121862061113,0.08567181258492935,1.0723701455010806
2020-11-06,2.857016214904548,0.09032691817071271,1.1419971151635342
2020-11-13,2.4843368657352887,0.10157769965659041,1.1357791705070275
2020-11-20,2.626390899207336,0.10717452310284846,1.1995643126246895
2020-11-27,2.751185602310282,0.09733122666812759,1.1746168694253316
2020-12-04,2.7679098972081384,0.09690800011505726,1.1757534160401213
2020-12-11,2.7559471036217253,0.09348395024515946,1.152798819939904
2020-12-18,2.800462992370427,0.09225710066237781,1.1548757794319695
2020-12-25,2.8287927082600457,0.09259583138291458,1.1629103070673326
2021-01-01,2.8424508980720273,0.09067681506207718,1.1539587416824293
2021-01-08,3.2655445347541914,0.08724386809947456,1.2201103695219053
2021-01-15,3.3901430737041856,0.08612619923026536,1.2361819416790105
2021-01-22,3.1538215855688723,0.09021132559420997,1.2209926866128458
2021-01-29,3.0804576615884995,0.09457880392284686,1.2354894681443664
2021-02-05,3.2211863685796986,0.09088030059649381,1.2405813256667746
2021-02-12,3.1247440694382567,0.08963898513069857,1.213339291965195
2021-02-19,3.2117311172759244,0.08974283337530026,1.231248192688919
2021-02-26,3.2478972851896946,0.0822562326524054,1.1879668696833838
2021-03-05,3.3734174841794755,0.07329450175402354,1.1479282288064667
2021-03-12,3.3379823238981468,0.07659375662809474,1.1671103148968573
2021-03-19,3.220279185193333,0.07712285800545107,1.1500815305518652
2021-03-26,3.2433625903028047,0.07429075190765541,1.1335819528502398
2021-04-02,3.1541473823047728,0.07937604786297459,1.1557218617114442
2021-04-09,3.0964456507869516,0.07908159672074706,1.1428415761417463
2021-04-16,3.0251777532903543,0.07825367521696903,1.123566771070536
2021-04-23,2.986199318295857,0.07912575711943724,1.1223242440042
2021-04-30,3.0158687471919965,0.08066705224196032,1.1387255303306048
2021-05-07,3.1797125481569233,0.08708341279134124,1.2146636582550565
2021-05-14,3.3263608816973265,0.08634104561819968,1.2381474621585928
2021-05-21,3.257649216814584,0.08821541751809878,1.2382843672493953
2021-05-28,3.188804270810167,0.09090833247998349,1.243472689367532
2021-06-04,3.35088597002979,0.08746648503940262,1.2526168897961583
2021-06-11,3.3360457755353683,0.09031512410239399,1.2697864135252326
2021-06-18,3.4275878256534384,0.08697824412580626,1.2645525336264363
2021-06-25,3.294192857270609,0.08671980915609624,1.2376210724724437
2021-07-02,3.327713212755625,0.08618438487690935,1.2402956545268642
2021-07-09,3.339952286693225,0.08688941011543032,1.247594811448027
2021-07-16,3.186076891345882,0.0889746241275609,1.2329685112178457
2021-07-23,3.34935937722962,0.08899766194022449,1.265338831309722
2021-07-30,3.247547458243677,0.09216523536020066,1.2678060655195684
2021-08-06,3.255583504943379,0.09371045704287657,1.2798248185294143
2021-08-13,3.278264825539404,0.09211278495545386,1.273674612783259
2021-08-20,3.3986340684918606,0.08942792263003034,1.2793181828147122
2021-08-27,3.355638143738942,0.08846745377906963,1.2643318841252005
2021-09-03,3.390286241379689,0.09011206761953977,1.282508712285158
2021-09-10,3.3926830069597633,0.09075688856190117,1.287469592140908
2021-09-17,3.3654045751940638,0.0904874219305543,1.2803183696142155
2021-09-24,3.382458115571926,0.08953078000863623,1.2769908252371756
2021-10-01,3.2497687538275297,0.0860027382260727,1.2267852216526622
2021-10-08,3.289257788045814,0.08458364431128881,1.2244621991424283
2021-10-15,3.301171486169342,0.08574114056018849,1.234937007639448
2021-10-22,3.409844161577125,0.08292655393285485,1.2357907169154563
2021-10-29,3.7476713001457775,0.07870620886788235,1.2673796120444922
2021-11-05,4.02118329755776,0.07245582104227584,1.265197953961553
2021-11-12,3.849915255812531,0.07555045923144733,1.2642148195175835
2021-11-19,4.074573197750391,0.0678893379440641,1.238983562166778
2021-11-26,4.008555896703152,0.07088152459811137,1.2555176561474604
2021-12-03,3.878135349348287,0.07104246217426054,1.2360898931457491
2021-12-10,3.76846524077003,0.0690343974365399,1.2011425155452202
2021-12-17,3.525658873013226,0.0683357568962042,1.155729305069889
2021-12-24,3.753813621410837,0.07237924218374316,1.2273800290336063
2021-12-31,3.7433582280123425,0.07075411425945319,1.2121283527496618
2022-01-07,3.3753718256710563,0.06976605872359733,1.1430837514756498
2022-01-14,3.43877442144283,0.06951287909592326,1.151996703624362
2022-01-21,3.406781019166831,0.06518973691243118,1.1114129063827458
2022-01-28,3.469479673124907,0.06381165573293057,1.1103238625110574
2022-02-04,3.3196464526282656,0.06738009998803189,1.116314757865344
2022-02-11,3.4024788683034846,0.06744030283544,1.1310041296053304
2022-02-18,3.4187579419989507,0.06738246807053669,1.1332873915855568
2022-02-25,3.444041245633101,0.06754472677009074,1.138897916604044
2022-03-04,3.5974214748552455,0.06805724828746461,1.1689919415064025
2022-03-11,3.6738904915301833,0.06709269778824113,1.1735387319745805
2022-03-18,3.16189644457331,0.07463340577232457,1.1548170413541616
2022-03-25,3.2387209518364335,0.07517573383949586,1.1732349949960195
2022-04-01,3.3118554225691197,0.07469499142291955,1.183063646771611
2022-04-08,3.6019304386281883,0.08212200492114054,1.2935533459017783
2022-04-15,3.855733607466031,0.08091564162206193,1.3307065494645796
2022-04-22,3.957361745294824,0.07752857042594041,1.3212828696504777
2022-04-29,4.142583644902741,0.07182562647657213,1.3051673712339213
2022-05-06,4.1383937237639,0.0687069323802278,1.2767148189868784
2022-05-13,4.222851605618274,0.06470348992815003,1.2535318286180357
2022-05-20,4.339124748257183,0.06027698193594229,1.229090614178644
2022-05-27,4.066100418242813,0.06327199917350623,1.2196002057171178
2022-06-03,3.910975152241847,0.06238923496084464,1.1875384589773028
2022-06-10,4.13767056835525,0.0640592605969232,1.2382129385845542
2022-06-17,4.062848492370161,0.06582374501318139,1.2435164235514646
2022-06-24,3.842626580608855,0.06375788452998775,1.1900227164246369
2022-07-01,4.226789151325664,0.063339662137278,1.246848837123949
2022-07-08,3.8164417831747626,0.06350774413950981,1.186759842594536
2022-07-15,3.8622398641149553,0.06456736728668479,1.2037265021009933
2022-07-22,3.438279809001984,0.06255215710285777,1.1179474029812004
2022-07-29,3.368620161817173,0.06092087252286206,1.0921090263387496
2022-08-05,3.3067813160510715,0.059149728797312555,1.0663243469506187
2022-08-12,3.3046009246604604,0.05838120803591098,1.0591745197289997
2022-08-19,3.2272793676708704,0.06057755219533414,1.0660727057244035
2022-08-26,3.1059549953077625,0.06092993553289089,1.0486808468137683
2022-09-02,3.1508352829112916,0.058639414107674655,1.037081362793914
2022-09-09,3.1967620018388674,0.05973017297359611,1.0542441300937395
2022-09-16,3.1991211171092284,0.05539024569158445,1.017091990465293
2022-09-23,3.1413552442666925,0.05647415527351417,1.0174854601697318
2022-09-30,3.1236965901482514,0.057984995835038,1.0279128301897351
2022-10-07,3.1362417861118934,0.06309707561895682,1.0744400579004418
2022-10-14,3.121825608529496,0.05729430752507592,1.0234855660727828
2022-10-21,3.203683856842205,0.058834099407318395,1.0506507036197372
2022-10-28,3.045918833530393,0.06403231282003713,1.0697776026607084
2022-11-04,3.2700935827777386,0.05576509581658095,1.0422120096546783
2022-11-11,3.1295016861779694,0.05506732965235115,1.012976001592194
2022-11-18,3.2939813112117027,0.05396306997300638,1.0301607639725876
2022-11-25,3.3344205268088856,0.05224375923752866,1.0205193145349862
2022-12-02,3.1835009672418084,0.0525032750875085,0.9994562931146618
2022-12-09,3.329715767634966,0.05154769266957034,1.0139416691558139
2022-12-16,3.5146750897989785,0.04928317623814245,1.0208207691555584
2022-12-23,3.7403436089753836,0.04728316969633502,1.0339287245853055
2022-12-30,3.7735214647231636,0.046878803537859816,1.0342699359866434
2023-01-06,3.9272537327680572,0.045146861424481065,1.0370203519292234
2023-01-13,3.7518011600318117,0.048717088604106756,1.0536007302380268
2023-01-20,3.572756279742004,0.05090680200660352,1.0511812799690488
2023-01-27,3.2675621826762757,0.04802657108995619,0.9762494369833087
2023-02-03,3.2434234496874716,0.046316413585779585,0.9555322804599613
2023-02-10,3.0729810651964846,0.047216673578001245,0.9390373369064274
2023-02-17,3.0013621189915396,0.04625123873381605,0.9184681898555099
2023-02-24,3.0881015027564787,0.04497325098177768,0.9195600399237762
2023-03-03,3.1074906777697002,0.044866401093033026,0.9214325361725537
2023-03-10,3.0027792625335574,0.0469535030857239,0.9266147377921952
2023-03-17,3.0276358225482003,0.0449257190522401,0.9109087863808057
2023-03-24,3.107204962843909,0.04498503193215084,0.9237028834402398
2023-03-31,3.146295972600253,0.04713873193199108,0.9513051156713375
2023-04-07,2.9358840221036773,0.04824689944542233,0.9298339197925369
2023-04-14,2.813760005958601,0.05019743670738462,0.9285424498493199
2023-04-21,2.73010468692578,0.04920354560166377,0.9054564469847596
2023-04-28,2.763809381750876,0.04998058393397461,0.9181646541772087
2023-05-05,2.809432398623952,0.0525123224369395,0.9486898997069766
2023-05-12,2.843688047833678,0.05445129634433525,0.9717582954212153
2023-05-19,2.8975215764417555,0.05430588514427459,0.9798647771236868
2023-05-26,3.1508004986331057,0.04741231053761177,0.9625591088452773
2023-06-02,3.0214662291258314,0.046172615881875934,0.9300787639385392
2023-06-09,2.92289634738974,0.04486319551777317,0.9016806310778278
2023-06-16,3.070034263409839,0.04260479278639256,0.9025710463421973
2023-06-23,3.100859643043658,0.04193203416215937,0.9002048565858112
2023-06-30,3.099430530468812,0.04210057517600172,0.9017669914504557
2023-07-07,3.2362392047618553,0.04092307593121369,0.9096961206808595
2023-07-14,3.378127026589109,0.04006107851507778,0.9206365154730285
2023-07-21,3.09063124511804,0.04347047993296798,0.9190995207853324
2023-07-28,3.16101681234102,0.04424316043850022,0.9377787230668404
2023-08-04,3.1530967813648,0.044436761976821844,0.9385924002607818
2023-08-11,2.92694769877775,0.043258504403564935,0.8920733890347285
2023-08-18,2.8727401091617626,0.04279459026351709,0.8789610973302966
2023-08-25,3.0021967705417674,0.04490876901972735,0.9204399970333162
2023-09-01,3.0594160834852637,0.04411372028405333,0.9213957248585692
2023-09-08,3.011925636018977,0.04456955773310407,0.918771270786021
2023-09-15,3.0095124916788443,0.04579692588431686,0.930798508211285
2023-09-22,2.9089535483488103,0.0479666855272533,0.9365598125030107
2023-09-29,2.9819561702733965,0.04698146835516198,0.939112614882506
2023-10-06,2.974510521568055,0.049090978983175416,0.9585870934862983
2023-10-13,3.0241688619281963,0.049950971792759646,0.9749774058521975
2023-10-20,3.0907330425256334,0.04990803022727588,0.9855070184600414
2023-10-27,2.996494974461711,0.050785858789180106,0.9786849618480048
2023-11-03,3.021591327620235,0.05098488265217179,0.9847437749346344
2023-11-10,3.0868229201791078,0.049160601112279434,0.9783099814745086
2023-11-17,3.006631038088054,0.05090657971883014,0.9823849879214644
2023-11-24,2.961496142763883,0.05145278112130269,0.9800335215382654
2023-12-01,2.930167900978218,0.05247746396067154,0.984315439376633
2023-12-08,2.9362452777223362,0.05162537930588168,0.9775217559264322
2023-12-15,2.9211351537704053,0.05070568397536963,0.9664208523015781
2023-12-22,2.853149560166513,0.051796753611632586,0.96514775916223
2023-12-29,2.8614284455518266,0.051881604551312646,0.9673505174506093
2024-01-05,2.80661292746566,0.05275210569492262,0.965859334576653
2024-01-12,2.9108829717505,0.05100727848925233,0.9684928596046624
2024-01-19,3.059167858404403,0.04811498048655029,0.96672515292555
2024-01-26,3.213006682312028,0.04659000371598968,0.9764898522626719
2024-02-02,3.2113972312920605,0.04617787609030637,0.9720062724476178
2024-02-09,3.2951170113034314,0.04464974210412774,0.969157229544344
2024-02-16,3.2668128609492886,0.04607018439529774,0.9800266682781248
2024-02-23,3.4663395242710506,0.04402547697304436,0.9892208810445053
2024-03-01,3.4782219381074824,0.042363546788027506,0.9726447175968862
2024-03-08,3.7659631116473413,0.042257966632393,1.0124774337159193
2024-03-15,3.794475075808602,0.041488106887269574,1.0073435475770305
2024-03-22,3.9314885551885976,0.04126341834957402,1.023212996835799
2024-03-29,3.855608505161806,0.041842899143272605,1.0201887662525417
2024-04-05,3.985652665218929,0.039914673039151354,1.0146857113323293
2024-04-12,3.9232130192607735,0.04011099445293691,1.0090281379381596
2024-04-19,3.924933342140386,0.04199105179482174,1.0324370887466758
2024-04-26,3.9321177670214302,0.044620356782293036,1.065089915584439
2024-05-03,3.6524429461733967,0.04664315149516754,1.0501377262377163
2024-05-10,3.7791586720273207,0.04885693495853096,1.093143527353968
2024-05-17,3.7281685966264893,0.04918807632426673,1.0892561438177961
2024-05-24,3.854180373336101,0.044727256767065175,1.0596027512515922
2024-05-31,3.909360455440333,0.044573590872885885,1.0655521936560266
2024-06-07,3.950525907418445,0.04353867620896132,1.0591449687764636
2024-06-14,4.145488497854691,0.04035494883280432,1.0478277405307068
2024-06-21,4.010333209500512,0.04166743420100914,1.047116774678366
2024-06-28,3.9471569878933255,0.04221205963705933,1.0454162424504954
2024-07-05,4.124076889131866,0.037158877880767736,1.0079591151746894
2024-07-12,4.137266260171108,0.03772522764848915,1.0171331531869774
2024-07-19,3.9313599503692678,0.0369828885102007,0.9815149272013244
2024-07-26,3.6737380614145603,0.03730100227391147,0.9528632566527578
2024-08-02,3.6591861543910267,0.03682639442612218,0.9449959906380261
2024-08-09,3.6017298665536766,0.036187853998761156,0.9293992956338941
2024-08-16,3.8750525524506134,0.040150553574828746,1.0152435513114042
2024-08-23,3.9535269745026618,0.039546708405280004,1.018240528886068
2024-08-30,3.8330154455579155,0.03987360515983989,1.0065429548499691
2024-09-06,3.9392498950844965,0.041244681133841506,1.0377308612601224
2024-09-13,3.6979736783206736,0.042958350830313026,1.0264626674401278
2024-09-20,3.705078399768178,0.04282041757544051,1.0258524675635248
2024-09-27,3.7624978478736475,0.04265350253110628,1.0319972995756315
2024-10-04,3.6965642949281095,0.044871489478168755,1.049083250775027
2024-10-11,3.6951077851534446,0.0467270146167644,1.0701378498653862
2024-10-18,3.668585778553073,0.04706540135836845,1.0700208393490516
2024-10-25,3.3103639986216975,0.04998145191230937,1.0492521442699736
2024-11-01,3.1762412999935625,0.05225080141346113,1.0509321867524122
2024-11-08,3.625811768236957,0.0496546408633783,1.1011701234255145
2024-11-15,3.6060897290397436,0.0499247295596559,1.1010526256477648
2024-11-22,3.64897774327904,0.04957715481882697,1.1039710330117345
2024-11-29,3.643947344055393,0.04948102485006792,1.1021458480234498
2024-12-06,4.06691583703496,0.046707476120452084,1.1370828086269802
2024-12-13,4.199463685986521,0.04290912616111928,1.1106480585687422
2024-12-20,4.242707345969627,0.04239618130721185,1.1099704063219757
2024-12-27,4.269559767317453,0.042393537245091976,1.11351792235079
2025-01-03,4.201140998591517,0.04405888338793652,1.1258630907797802
2025-01-10,4.084984688755447,0.044922806001345815,1.1208150450900987
2025-01-17,4.108189893465854,0.04434220977316282,1.1169601532260132
2025-01-24,4.19128673772203,0.04405353191785526,1.1249136876446573
2025-01-31,4.165576337885728,0.047230280195625925,1.161159484807064
2025-02-07,3.8639441874426597,0.049255500771167825,1.142701352106912
2025-02-14,3.755425795132169,0.05103852333728396,1.1466171214320657
2025-02-21,3.6880845512297813,0.049770036524239177,1.1221658246536557
2025-02-28,3.8399273603309547,0.04625292177290423,1.1068470196575206
2025-03-07,4.018175293184458,0.04415206373021722,1.1083966857649077
2025-03-14,3.857560021961807,0.04679911286436003,1.1183836747228941
2025-03-21,3.8853036610845755,0.04673028258197175,1.1216779819026679
2025-03-28,3.944463494258191,0.045874031640036374,1.1203103484423889
2025-04-04,4.081414217037169,0.043074217322552844,1.1066231968370999
2025-04-11,3.660527951735488,0.047488610509901955,1.1040378097478805
2025-04-18,3.914965574880756,0.04725095557550862,1.1404521202290694
2025-04-25,3.409619444320432,0.04781124659474213,1.0720320647115182
2025-05-02,3.3415382706186496,0.04522808424970672,1.0327273194305808
2025-05-09,3.3348519247745227,0.0445263791788855,1.0238196907443822
2025-05-16,3.016159152191487,0.0431390857193515,0.9583031997151963
2025-05-23,3.040708179551043,0.043564444729393054,0.9669114382553289
2025-05-30,3.0206395269564297,0.04316026633805337,0.9592606658952206
2025-06-06,2.9088622442204457,0.04446966587606371,0.9554296289712169
2025-06-13,2.968779609823222,0.047109303017917374,0.9932627398696601
2025-06-20,2.97770941924784,0.049161114868019,1.0159919666363137
2025-06-27,3.1450030364443315,0.04841718380075898,1.037555601483331
2025-07-04,3.0180405892886837,0.047868243569025665,1.0104355547778052
2025-07-11,3.01749553172535,0.04716084873178092,1.0030228970488932
2025-07-18,3.084989090896525,0.047689871988106376,1.0199757701542427
2025-07-25,3.0124472285901556,0.04602313303300804,0.9902742386524148
2025-08-01,3.0683302274377504,0.045587510396427444,0.9950448776398623
2025-08-08,3.05185215291715,0.047212529568951826,1.0097074424866825
2025-08-15,3.0449937753625522,0.047697297777059444,1.0136326789644805
2025-08-22,2.9795805381431806,0.048627747249041016,1.012224273788784
2025-08-29,2.99375148464768,0.04834979760526276,1.0118424529984236
2025-09-05,3.0759692422022114,0.04405844785836905,0.9819863536319446
2025-09-12,3.256290211265883,0.04332811427514523,1.003354956721114
2025-09-19,3.3722908421866027,0.0411422902089135,0.9967648401859694
2025-09-26,3.3668770067549536,0.04079904000773627,0.9918726090668437
2025-10-03,3.3173744459810406,0.04139890063627965,0.9915865307244144
2025-10-10,3.282153999163204,0.04250741847621991,0.9992346369897456
2025-10-17,3.421158013389643,0.0416578361580616,1.0110194369194634
2025-10-24,3.3808647170903665,0.0429403726315354,1.0202069400480471
2025-10-31,3.4372368906519895,0.043184511490875425,1.0317225160674743
2025-11-07,3.3420821977949653,0.04369768971019757,1.0231714583055114
2025-11-14,3.2331158943867297,0.04545407930747656,1.0263237048002285
2025-11-21,3.4004400803314607,0.044150287962471585,1.0389718317392413
2025-11-28,3.521856650744224,0.04473064979448324,1.0645792935739276
2025-12-05,3.597063411842833,0.04662442053928171,1.0982625195004325
2025-12-12,3.5814208973890462,0.04531148196248818,1.0806675408883273
2025-12-19,3.4587280021939972,0.04588143336632389,1.0684568471755933
2025-12-26,3.4058558660382103,0.04546894156847992,1.055421416440646
2026-01-02,3.330602668904435,0.046683422004869524,1.057351500361513
2026-01-09,3.37069223937192,0.046302860411482245,1.0596146583222033
2026-01-16,3.4395702473980725,0.047225049533299215,1.0809982128286724
2026-01-23,3.4731266377856658,0.04676432273191709,1.0812050957786479
2026-01-30,3.6045900523390855,0.04553981150291824,1.0881913361230975
2026-02-06,3.854375992177341,0.043892406831984546,1.1073383915895458
2026-02-13,3.858151319582129,0.04313748960121192,1.0985554449763308
2026-02-20,3.75753175582171,0.044203327701394256,1.0972547020749146
