Date,Equal Weight,Inverse Volatility
2000-01-07,0.0,0.0
2000-01-14,0.0,0.0
2000-01-21,0.0,0.0
2000-01-28,0.0,0.0
2000-02-04,0.0,0.0
2000-02-11,-0.021127585685416485,-0.020713129580285032
2000-02-18,-0.014751623838024825,-0.01446224384679884
2000-02-25,-0.030204954550041036,-0.029612429308166207
2000-03-03,0.023443411032621923,0.022983525791958434
2000-03-10,-0.18296674710123198,-0.17937752084030187
2000-03-17,0.05814600374944433,0.05700536389585291
2000-03-24,-0.02096781092809252,-0.020556489096067554
2000-03-31,0.019669487905149885,0.019283635045836873
2000-04-07,-0.004280896093664646,-0.004196918513458811
2000-04-14,-0.16741980142715435,-0.16693073558279237
2000-04-21,0.02111995729057222,0.020424728343450382
2000-04-28,0.023091191370893105,0.02406682063744378
2000-05-05,-0.011069244165486991,-0.011320088118765222
2000-05-12,-0.0735645062678294,-0.07339607384644352
2000-05-19,-0.01574976480537668,-0.01258654253145318
2000-05-26,0.014454115177439789,0.015753326900010488
2000-06-02,-0.00031829232780047206,-0.0017328322377654429
2000-06-09,0.019478144116453655,0.019071710138667663
2000-06-16,0.02441004040326098,0.02675986783371216
2000-06-23,-0.017942898185053305,-0.017115667361609077
2000-06-30,-0.00011642854679320622,-0.0007978910910365865
2000-07-07,-0.033803252029190614,-0.034136168441694995
2000-07-14,0.06741283862603986,0.06543188472425851
2000-07-21,0.022278475989900216,0.02222531517686747
2000-07-28,0.05572513706459224,0.056148738234744554
2000-08-04,0.03750877057219797,0.03746905185165216
2000-08-11,0.0036181668180069173,0.0033649900166645794
2000-08-18,0.04707528069206696,0.045379818611678786
2000-08-25,0.011055213452597391,0.009997370523849101
2000-09-01,-0.01942924743624569,-0.018115966942011286
2000-09-08,-0.004627007755951745,-0.005662767166458145
2000-09-15,-0.028733611576116792,-0.02893522298460962
2000-09-22,0.006361416540183167,0.005481888253893886
2000-09-29,-0.1188784299249415,-0.1178990519867277
2000-10-06,-0.04761627203660281,-0.04723974313535588
2000-10-13,-0.02414763667610996,-0.02329079345556532
2000-10-20,-0.040898731888889844,-0.04193614728553356
2000-10-27,-0.04201733545887283,-0.04369124780115677
2000-11-03,0.06809817289634215,0.0667854981510427
2000-11-10,0.01787540588424326,0.01601876775990492
2000-11-17,0.025588643537323524,0.025279178865671104
2000-11-24,-0.006256760847590378,-0.006633315333861557
2000-12-01,0.04262622819611515,0.04392899784771409
2000-12-08,0.0,5.003493004511819e-05
2000-12-15,0.027724151026996227,0.02867328572947398
2000-12-22,0.05363414031693127,0.05585883008254793
2000-12-29,-0.009993017290932212,-0.009325065218391309
2001-01-05,-0.0007146941109205489,-0.00191741702697883
2001-01-12,-0.0015155524057012676,-0.004715845828513948
2001-01-19,-0.06208797236638376,-0.06275353750331243
2001-01-26,0.028669148404410705,0.029000852197226687
2001-02-02,0.08232529673040694,0.08335609120750466
2001-02-09,0.043295591341564965,0.04338158288348229
2001-02-16,0.012547757708464571,0.009870577989556428
2001-02-23,0.02317365482525304,0.023136462375291728
2001-03-02,0.027610281191912202,0.028310278908675
2001-03-09,-0.0022207080675867887,-0.003190545005655243
2001-03-16,-0.0544972850736658,-0.053164822160886194
2001-03-23,0.009063050968735387,0.012278238185051485
2001-03-30,0.014109012514594767,0.013270287902046742
2001-04-06,0.06800516613831165,0.06715389379599145
2001-04-13,0.0,-0.0034183544850070885
2001-04-20,-0.0095734734910577,-0.007695486402986333
2001-04-27,0.023560646988490985,0.022468900017169585
2001-05-04,-0.06571098523162609,-0.06476980810339644
2001-05-11,-0.003501544256617209,-0.005368310559863622
2001-05-18,-0.0036492838816940924,-0.0036897511112442475
2001-05-25,0.0528618991347484,0.0524612678530523
2001-06-01,-0.013168856393916573,-0.012991607796777554
2001-06-08,-0.027909328176868357,-0.02741840232761232
2001-06-15,-0.004300293049364336,-0.0061002594301787574
2001-06-22,-0.0037053841500302616,-0.004052655689155504
2001-06-29,0.05915367029704689,0.05881932702801489
2001-07-06,0.021929776859354322,0.02096982555366724
2001-07-13,0.02049573691327411,0.020448888929652142
2001-07-20,0.01911664354539202,0.018293986455487375
2001-07-27,0.002455123344301348,0.00015133586349927453
2001-08-03,0.03209693681670761,0.03199675506155883
2001-08-10,0.012519247030610744,0.013960808645228629
2001-08-17,0.0036239913306708345,0.004041814851961388
2001-08-24,0.0027151211361738006,0.0029141176243717482
2001-08-31,-0.014650462407718334,-0.013892190525728322
2001-09-07,-0.013523391812865507,-0.01227315705627591
2001-09-14,0.006739526411657555,0.006635797097044315
2001-09-21,0.0,0.0022488781929925414
2001-09-28,0.0,0.001579979381707862
2001-10-05,0.0,-0.002890927905057142
2001-10-12,0.02039713301341206,0.01878746975016448
2001-10-19,0.023450050067995384,0.02351904958133814
2001-10-26,-0.02249191211847075,-0.02262328430837244
2001-11-02,0.03852035530974207,0.03898435590102114
2001-11-09,-0.021872805607127305,-0.021760872259574567
2001-11-16,-0.0006001078600854637,-0.0018525528416147921
2001-11-23,0.0034886146448036733,0.002951163572369478
2001-11-30,-0.09736409422570454,-0.095910939348316
2001-12-07,-0.013575290508597002,-0.012470654984733428
2001-12-14,0.0,-0.00015469944750098278
2001-12-21,0.002622446485527785,0.0012531618488165613
2001-12-28,-0.0017575969781852274,-0.0006550745683317864
2002-01-04,0.03453011967863443,0.03444827799876288
2002-01-11,-0.00553701002647938,-0.006856605321945642
2002-01-18,-0.02031704757265379,-0.02066828417669897
2002-01-25,0.0075836364375164445,0.010797336150752249
2002-02-01,0.00515484359089056,0.005643506294018575
2002-02-08,-0.03963134670947041,-0.04014581571639621
2002-02-15,-0.007846556233653008,-0.007163966839755079
2002-02-22,-0.04800991172371068,-0.047917451734400485
2002-03-01,0.06322879464091513,0.06271845636117937
2002-03-08,0.013948431915316736,0.01291579001751439
2002-03-15,0.0011440744230836034,0.0010017946665793866
2002-03-22,0.01674396315841823,0.01781683608831355
2002-03-29,-0.012302245654617868,-0.012313735008269749
2002-04-05,-0.009698476803551953,-0.00902547369325918
2002-04-12,-0.004782763482017817,-0.0037598678206051117
2002-04-19,-0.0018924392899947184,-0.0020640743508034886
2002-04-26,0.07924821461662368,0.08048481247758962
2002-05-03,-0.006180877984630314,-0.006690817952790938
2002-05-10,0.0,0.00044248545914558034
2002-05-17,0.0,-0.0013064634715802895
2002-05-24,0.036483272708004735,0.036845435520886635
2002-05-31,0.01578902979921809,0.015262032959072995
2002-06-07,-0.022077006820786893,-0.021894923947760964
2002-06-14,0.01770866712433159,0.017501111318453194
2002-06-21,0.027395755050862246,0.030319342328293294
2002-06-28,-0.02328635551992014,-0.022058012161641504
2002-07-05,-0.013926728158623149,-0.015729705127294956
2002-07-12,0.033337731087740886,0.032742872707655885
2002-07-19,0.016682942082586846,0.01778100354266977
2002-07-26,0.043590927165388385,0.0420591703546593
2002-08-02,0.05847954531200437,0.05888188984696807
2002-08-09,0.006783908253566895,0.006832062620317074
2002-08-16,0.003377243317865042,0.0026856500779500712
2002-08-23,0.0022222222222222365,0.0010167787262381801
2002-08-30,-0.006279699331537582,-0.00579251916062563
2002-09-06,0.06255924512842642,0.06225191893844753
2002-09-13,-0.022829824072687684,-0.022597382251401427
2002-09-20,0.028621936575103722,0.028295969118114224
2002-09-27,-0.004164273787022145,-0.0029332572309140117
2002-10-04,0.009124874274451099,0.010760806061887035
2002-10-11,0.01151001412781516,0.010378098126366562
2002-10-18,0.0058189452472528665,0.005200797108170611
2002-10-25,-0.02432198703655484,-0.02615378471063192
2002-11-01,-0.11933588527454927,-0.11945537820107124
2002-11-08,0.023528202169023786,0.02275815497750896
2002-11-15,-0.008872241168962569,-0.007792693047662447
2002-11-22,-0.04366722374793048,-0.04144975027139409
2002-11-29,-0.008150695496754807,-0.007885906926385381
2002-12-06,-0.010692530728449647,-0.011805562119683238
2002-12-13,-0.014166412539779889,-0.0149754522869743
2002-12-20,-0.007525607832042256,-0.007189617022386467
2002-12-27,-0.043805234047647,-0.0445687932277249
2003-01-03,-0.00685735593325606,-0.0068860736385867646
2003-01-10,0.01676371954632211,0.016865734759049865
2003-01-17,-0.002195906979811592,-0.002514361428093229
2003-01-24,0.03796926902246463,0.03760836507139867
2003-01-31,0.0007690400027590702,0.0005558011318238043
2003-02-07,-0.0034195026406326906,-0.002695324553001959
2003-02-14,-0.01029892213272509,-0.0126687586924814
2003-02-21,0.0025637339173854804,0.002618281794689917
2003-02-28,0.0018534282057778477,0.001918520326917932
2003-03-07,0.007110058821516222,0.007865976933556803
2003-03-14,-0.007742117117117121,-0.007872784670097872
2003-03-21,-0.02815714598380388,-0.0282263112806814
2003-03-28,0.013246903134660334,0.012806915276534134
2003-04-04,-0.023137965305016883,-0.023569199206428994
2003-04-11,0.0029529855837642956,0.003649595516572589
2003-04-18,-0.003630099132120295,-0.004224245923963688
2003-04-25,0.06210216499084214,0.06231510375656079
2003-05-02,0.02789827509230769,0.028058654484910822
2003-05-09,0.0,0.0006524966554227012
2003-05-16,0.0003046435289906224,0.0009909193163300002
2003-05-23,-0.005572063552369945,-0.005361792829383613
2003-05-30,0.01051051051051051,0.012612528255763256
2003-06-06,0.017754760410127673,0.017691204499422297
2003-06-13,-0.002630590003757982,-0.003507198653693519
2003-06-20,0.030903717980892878,0.029971515317712395
2003-06-27,0.003273088225957954,0.0030620390493813665
2003-07-04,0.009735978316313048,0.00998107439101368
2003-07-11,0.021963848411428472,0.022159995792303086
2003-07-18,-0.02372717935819241,-0.024838084669557167
2003-07-25,0.03165717055769008,0.03256209817375245
2003-08-01,-0.0017179339973652855,-0.0020680321069783646
2003-08-08,-0.06455701662394087,-0.06539656762790699
2003-08-15,0.01089497594319146,0.011277698624604473
2003-08-22,0.02079962939524669,0.020401120255546284
2003-08-29,0.01090955683401458,0.011518414661941803
2003-09-05,0.01049060682338554,0.010557560665752544
2003-09-12,-0.02489726219993893,-0.024990379991233422
2003-09-19,0.01679643373943892,0.01722826025027762
2003-09-26,0.047003693129786306,0.04629823602454698
2003-10-03,0.001755844605268897,0.002427192262037428
2003-10-10,0.030257595084226943,0.031025136915879676
2003-10-17,-0.007370170983151774,-0.007475724261835669
2003-10-24,-0.015761403543185094,-0.016182045744714157
2003-10-31,-0.017579521904262724,-0.018188210823277224
2003-11-07,-0.07511097297130812,-0.07480364557470436
2003-11-14,-0.03174707066698684,-0.03292325152449743
2003-11-21,-0.025781967236725063,-0.025784718964243822
2003-11-28,0.038221143470177396,0.03813630138207233
2003-12-05,-0.013070154978489585,-0.01322157121906417
2003-12-12,-0.020569196998411938,-0.020288570715521217
2003-12-19,-0.022959300226712734,-0.02270290670267387
2003-12-26,0.026423668373694437,0.026118399247259495
2004-01-02,-0.012639033101491429,-0.012531180324465225
2004-01-09,-0.002119260992794508,-0.0022716286944027162
2004-01-16,0.0018130018130018133,0.001334486740914003
2004-01-23,0.002448482084390637,0.0018100746122070265
2004-01-30,0.01783518300879039,0.01762706967608702
2004-02-06,0.005921490786329069,0.006551463778896663
2004-02-13,0.00333439103223789,0.003261822190141909
2004-02-20,0.008031746041924304,0.008249600562094924
2004-02-27,-0.017148391691267324,-0.016828735169499634
2004-03-05,0.0,0.0009826284046197571
2004-03-12,0.005060331825037718,0.005693861259311563
2004-03-19,0.011943592921281387,0.011359668098092432
2004-03-26,0.04642251012131904,0.046654450203684764
2004-04-02,-0.015767132388372497,-0.016177676134397728
2004-04-09,-0.017507396172714608,-0.017372826170877386
2004-04-16,0.04773007693592765,0.0471757005565581
2004-04-23,-0.015384907033224683,-0.016421670529531356
2004-04-30,-0.003125161647520469,-0.0026822604987310553
2004-05-07,0.00019586063703638194,0.0004039010706546782
2004-05-14,-0.006686132602820878,-0.006435682728308154
2004-05-21,0.006872185424022237,0.006884195414479346
2004-05-28,-0.0013587743469951619,-0.0030794911087085874
2004-06-04,0.0025923592504368442,0.0026622968010305064
2004-06-11,0.004189896618866557,0.004601856432796895
2004-06-18,-0.0002693198959609275,0.000259819471847951
2004-06-25,0.0018114364931288533,0.002276985386363473
2004-07-02,0.0007042284852795122,0.0002703967864593291
2004-07-09,0.004456602260258329,0.004429216491644845
2004-07-16,0.023875951781427193,0.02469812090788166
2004-07-23,0.008790759367587754,0.009480453124405744
2004-07-30,0.004447689299530915,0.004486747158008857
2004-08-06,-0.005825617137724101,-0.003214787931576882
2004-08-13,-0.004559325506471645,-0.0055607647368183695
2004-08-20,-0.008096841430174789,-0.009250747196285915
2004-08-27,0.016595818019537023,0.01631878733279201
2004-09-03,0.011479187733875443,0.01185001574478481
2004-09-10,-0.028021595493555575,-0.02757290463349103
2004-09-17,-0.012631298802987783,-0.012403383423368058
2004-09-24,0.013297721376665295,0.013336158504659136
2004-10-01,-0.03187866602462739,-0.03132703997909794
2004-10-08,0.018254757899196526,0.01873893164560367
2004-10-15,-0.0019291709072208688,-0.00019776000169610675
2004-10-22,-0.03436409926550969,-0.032930614857954725
2004-10-29,-0.01499827034719384,-0.01457755315275873
2004-11-05,0.022559156777157773,0.020848500375309664
2004-11-12,-0.012364968255304438,-0.01223000780529602
2004-11-19,0.012406770367713593,0.012670748963864508
2004-11-26,0.016339909500777378,0.017842029414796845
2004-12-03,-0.007052240236096777,-0.007069420473471432
2004-12-10,-0.0002544162826421323,0.0007943400727758974
2004-12-17,0.015441422565360758,0.015003719367094236
2004-12-24,0.009481816783329322,0.009486688244754786
2004-12-31,0.0021752932018364174,0.0014344586534150265
2005-01-07,0.03721632278895627,0.03700216828314381
2005-01-14,-0.028367916308331683,-0.027952559994458025
2005-01-21,0.016755439854209516,0.0164700728046274
2005-01-28,0.016306189939630435,0.0165933353685401
2005-02-04,-0.02529671286885026,-0.024987475729447182
2005-02-11,-0.017406731783160524,-0.017274263243952256
2005-02-18,0.01228595298629015,0.013856381935958152
2005-02-25,0.0,0.0006271321134083442
2005-03-04,-0.002435957881502415,-0.003120409170498023
2005-03-11,-0.002559513732698103,-0.0033044398025619884
2005-03-18,0.016164852059753283,0.016752707168301705
2005-03-25,0.020337772613606198,0.0200091904202268
2005-04-01,-0.00241690081512861,-0.0025908592089550326
2005-04-08,-0.018283563216799616,-0.017830986243859648
2005-04-15,-0.02250644504575912,-0.023120122485886657
2005-04-22,-0.03109303082160031,-0.03133809527879512
2005-04-29,-0.012253877753686913,-0.012222714078315319
2005-05-06,0.004578997783585614,0.0043084766093232675
2005-05-13,-0.021352770765051005,-0.0210119262526004
2005-05-20,-0.02201381751293744,-0.022212123447106182
2005-05-27,-0.02718250773915437,-0.027168898249635066
2005-06-03,-0.006966133557148994,-0.006718413675636129
2005-06-10,0.01341003758235983,0.013198874564448834
2005-06-17,-0.02649517445026661,-0.026752537751576266
2005-06-24,0.0040336156495712535,0.004580810981603768
2005-07-01,-0.010931893770718865,-0.010945353184193315
2005-07-08,-0.006310958118187049,-0.006957794284775517
2005-07-15,-0.01179554857438932,-0.011856325390272255
2005-07-22,-0.011520737327188925,-0.01138536164033817
2005-07-29,-0.019779403466128016,-0.01937079138972357
2005-08-05,0.01686411909495914,0.016920967060874724
2005-08-12,0.013037405996926304,0.013124438607350093
2005-08-19,-0.007458924134099524,-0.00784666847108083
2005-08-26,0.009016391037647824,0.00917206160339738
2005-09-02,-0.012518340169820896,-0.012471748975823843
2005-09-09,-0.01144292856084348,-0.010317081236244488
2005-09-16,-0.007997032963353079,-0.007935188111911618
2005-09-23,-0.0027095476877883433,-0.00204424274170268
2005-09-30,0.030296183026818524,0.03051307315952506
2005-10-07,-0.006217277486480417,-0.0065725944849089
2005-10-14,0.013939882311717703,0.013440128856231442
2005-10-21,-0.03840047126998628,-0.03733146419649588
2005-10-28,0.0012778237501776327,-7.302928787517732e-05
2005-11-04,0.01140215496573832,0.012390673715571083
2005-11-11,-0.011202839033828606,-0.011358036120416155
2005-11-18,0.013778790868574179,0.013254214299768552
2005-11-25,-0.005286493860845825,-0.004232005148965299
2005-12-02,-0.010102380005436059,-0.009990271928626959
2005-12-09,-0.0026948484311757337,-0.002245893884721002
2005-12-16,0.00494473686713076,0.004962107989775203
2005-12-23,-0.0005619766065119713,-0.0002374331617915268
2005-12-30,0.00013320865123025126,3.2300175130607796e-06
2006-01-06,-0.009093062706229083,-0.00840135624519722
2006-01-13,0.009466382580130234,0.010199389242228388
2006-01-20,-0.0020019640185941663,-0.0030523274694937395
2006-01-27,0.0318610098533992,0.03158918236468197
2006-02-03,-0.039521624087558195,-0.039372656836730704
2006-02-10,-0.008092619703444253,-0.00845178630547954
2006-02-17,0.0099721979916891,0.01028999444906001
2006-02-24,0.005752219535417694,0.0057828723542313765
2006-03-03,-0.004272689340140709,-0.0037524831901227587
2006-03-10,0.010706653477347674,0.011218442497891308
2006-03-17,0.0,9.118522352209116e-05
2006-03-24,0.00667363028700892,0.007274152183213126
2006-03-31,0.0035084716071928836,0.0030429005034603024
2006-04-07,-0.005650820035558057,-0.006051736374182717
2006-04-14,0.022372970723160746,0.022207763687784363
2006-04-21,-0.014498533901158739,-0.014621048797737332
2006-04-28,-0.019575696510767977,-0.01894150303536036
2006-05-05,0.029552608986959807,0.03019323438568828
2006-05-12,-0.02323007590534744,-0.023169302772170733
2006-05-19,-0.00857963875205259,-0.008835035291822644
2006-05-26,-0.0053470444984405514,-0.005659862940234795
2006-06-02,0.00792481133362995,0.00816022577756497
2006-06-09,-0.011200293215223346,-0.010540289701084518
2006-06-16,-0.026392632082008628,-0.026357721549069863
2006-06-23,-0.009542318783909097,-0.009094869707685303
2006-06-30,-0.009800537015726881,-0.010190883784465385
2006-07-07,0.003598673831109086,0.0039786321620509995
2006-07-14,0.013653215866305466,0.014517363211209914
2006-07-21,-0.0062184921681716215,-0.007621476082268555
2006-07-28,-0.03770737290001722,-0.03839869312365541
2006-08-04,-0.01825405854139765,-0.017900565786415544
2006-08-11,0.019426431518747546,0.019716618498002506
2006-08-18,-0.06668340639820858,-0.0672526020353377
2006-08-25,-0.002096350850191775,-0.0018178958912301686
2006-09-01,-0.03514251568253344,-0.03576007820972924
2006-09-08,0.017752751152074996,0.017396367278350307
2006-09-15,-0.032695145971003065,-0.03215012201435957
2006-09-22,0.017828265921037385,0.01791982163763336
2006-09-29,0.00813300280080568,0.007993913077949505
2006-10-06,-0.008690728607680831,-0.008752053332287239
2006-10-13,-0.0028387733344386427,-0.002044434001205825
2006-10-20,0.031002208043367563,0.03010599542510223
2006-10-27,-0.008895931610724973,-0.01003245649202102
2006-11-03,-0.0022157616073181416,-0.0021759782344796938
2006-11-10,0.0010259038202607984,0.001405466977566605
2006-11-17,0.003952579987447177,0.004810664047341959
2006-11-24,0.0004584474885844618,0.0009491875644774307
2006-12-01,-0.018708034857289127,-0.019733208121618846
2006-12-08,0.004777386328540207,0.004054560200918714
2006-12-15,0.023779461279461286,0.023649703437221337
2006-12-22,-0.001789098675121355,-0.0016904331500400718
2006-12-29,-0.002244208031786414,-0.002296966216111007
2007-01-05,-0.009367134710069797,-0.010370169862031892
2007-01-12,0.03248098047490751,0.03241662010935813
2007-01-19,-0.013436856247884155,-0.013624850196062964
2007-01-26,0.0018257422026006593,0.0017804277329827548
2007-02-02,0.00665995979217306,0.006260434536691924
2007-02-09,-0.0070065053465076885,-0.0075823065715072985
2007-02-16,-0.010705066222527239,-0.010751387828412399
2007-02-23,0.004014118643791827,0.003742350130062441
2007-03-02,0.02835367202031471,0.02839673020903158
2007-03-09,-0.01665301782572211,-0.01671836189178106
2007-03-16,-0.004622555707139597,-0.004120341616439168
2007-03-23,0.0021920593586130382,0.0016602983403459348
2007-03-30,-0.0022607741141365545,-0.0019855897342166964
2007-04-06,-0.002984232532969164,-0.003138889538614644
2007-04-13,0.0007755909317433227,0.00048253525268702677
2007-04-20,-0.0033667428712731056,-0.003010521363153485
2007-04-27,0.019528193920359038,0.021642045965828582
2007-05-04,-0.003544111638079772,-0.0033470594362827286
2007-05-11,0.006936439488251141,0.007301689434086689
2007-05-18,0.0028519559972133663,0.0028220397751542218
2007-05-25,0.009723404072440952,0.010215903349923672
2007-06-01,-0.0036879185485996584,-0.0035834511726685484
2007-06-08,-0.008546734835140807,-0.00729290594825659
2007-06-15,0.01568678542656702,0.015445072320399584
2007-06-22,-4.911395474559155e-06,0.0010252527726823668
2007-06-29,-0.00020212108241786896,-0.0007384209673913563
2007-07-06,-0.003930923868479635,-0.0031273008660038515
2007-07-13,0.022581356035694295,0.023046594432918358
2007-07-20,0.0016249721950639482,0.001674712742677543
2007-07-27,0.04759755194585467,0.04848386902522037
2007-08-03,-0.00041632161154619984,-0.001705970431647226
2007-08-10,0.00947190175164551,0.008885832307700882
2007-08-17,-0.009074965075707058,-0.009257714823759838
2007-08-24,0.0543567320444034,0.054815781901954276
2007-08-31,0.022409870043277692,0.02278238101932544
2007-09-07,0.012381193674566228,0.012343254843675492
2007-09-14,0.00014790639944954262,-0.0002084351875378497
2007-09-21,0.0,0.0006210032999659481
2007-09-28,0.015966130488960412,0.016449094491035127
2007-10-05,-0.0037908910304097878,-0.0036487572880624167
2007-10-12,-0.014255343411589957,-0.014090122929021913
2007-10-19,-0.001354576247241798,-0.0007999092771586204
2007-10-26,-0.03974214143447869,-0.040564369076042314
2007-11-02,0.03422678280733386,0.03557829387307722
2007-11-09,-0.01585995036903376,-0.017255655578363217
2007-11-16,-0.004584608059487793,-0.004621946821327813
2007-11-23,0.011482899342927455,0.011600328708479653
2007-11-30,0.005317419730578636,0.004080948243238694
2007-12-07,0.022010090297441796,0.021617730203429213
2007-12-14,0.020001305199349652,0.019374353372152875
2007-12-21,-0.002194136183181799,-0.001993032236902655
2007-12-28,-0.00968672385770162,-0.009436953748902804
2008-01-04,0.03997906325518834,0.03938589721616121
2008-01-11,-0.0036970163647161228,-0.002922082911547566
2008-01-18,-0.0005151947597171365,-0.0003118349198952368
2008-01-25,-0.053944225200604615,-0.054017653671338525
2008-02-01,-0.030272639283843935,-0.03015878815647821
2008-02-08,0.010759895067600684,0.010734618931931564
2008-02-15,0.03665160354321581,0.03646244401464656
2008-02-22,-0.006844106463878343,-0.00611510000903325
2008-02-29,-0.010759051101987122,-0.010757362139876561
2008-03-07,0.0036887085344019695,0.00448889971136901
2008-03-14,-0.01046594464279843,-0.009843147033964859
2008-03-21,0.03563532702944623,0.03527471710224285
2008-03-28,-0.03228176374128794,-0.03326933267008772
2008-04-04,-0.031053154843574068,-0.03052618827541015
2008-04-11,0.022673251124888175,0.022362158633375477
2008-04-18,-0.043210753569730406,-0.04329936459339882
2008-04-25,-0.0017731804154850399,-0.0017918982963836983
2008-05-02,-0.013957909855979094,-0.014516631050914539
2008-05-09,-0.014935310928607188,-0.014538323793275534
2008-05-16,-0.011160677542017217,-0.011410061964381997
2008-05-23,0.0072896591033701115,0.006251816043934936
2008-05-30,0.004962284305582598,0.005885293056163771
2008-06-06,-0.007132562553033093,-0.00689750913869136
2008-06-13,0.017338815711719382,0.01597300863342562
2008-06-20,-0.010252808329516878,-0.010105725765945076
2008-06-27,-0.0014360187974705209,-0.0014820941199811823
2008-07-04,0.0007514784526029689,0.002772816786987445
2008-07-11,-0.004564113290480492,-0.003627653086509825
2008-07-18,-0.006502711925222435,-0.008225989479467774
2008-07-25,-0.0005460839178032528,-0.001524475879469845
2008-08-01,-0.023892585707936526,-0.02373018821286204
2008-08-08,0.0024849752621958765,0.0030350181133690056
2008-08-15,0.012478278236637622,0.011236199543398603
2008-08-22,-0.008522266677126668,-0.008900043896287489
2008-08-29,0.026451379089899786,0.02618134684425687
2008-09-05,0.043033754021773785,0.042774183241751335
2008-09-12,0.09006711868076807,0.08999465200345791
2008-09-19,0.0034501440165057304,0.003374206778558502
2008-09-26,-0.001650059168286735,-0.001732904378631668
2008-10-03,0.02590920336007982,0.02854883986063731
2008-10-10,-0.0005423241008779191,-0.0010333449793411796
2008-10-17,-0.033047692199342366,-0.032876981479839695
2008-10-24,-0.018972169984177112,-0.018617819562093883
2008-10-31,0.03285743953611191,0.029806584305596476
2008-11-07,0.027185957947554684,0.028003616826621478
2008-11-14,0.021907977154588268,0.022798938961718522
2008-11-21,-0.05596561993276703,-0.05544752627940301
2008-11-28,0.020222941560546492,0.018185852902943188
2008-12-05,0.0012230852286631427,-0.00020608597595517947
2008-12-12,-0.0332464119985768,-0.03477903703590847
2008-12-19,0.011810752936788828,0.011683499132364286
2008-12-26,0.04641424863183198,0.04609136485444985
2009-01-02,-0.04786240108755953,-0.04808118045791075
2009-01-09,-0.011796212970342852,-0.011325578138976604
2009-01-16,0.011590965580836013,0.012607571008423118
2009-01-23,0.04064740909132114,0.03958814427684824
2009-01-30,0.012290179817133892,0.012556163989284894
2009-02-06,0.006911310032980053,0.005910983796732969
2009-02-13,0.013603338961423905,0.012462467382807322
2009-02-20,0.02077217508136386,0.02136108204309614
2009-02-27,0.07989631037600227,0.07930447760069051
2009-03-06,0.002205837370581387,0.003974762031296777
2009-03-13,0.002951930836326805,0.0008480293253465485
2009-03-20,0.0006784874269945198,0.0010262577157766802
2009-03-27,-0.04919372014605186,-0.048965419428474065
2009-04-03,0.004746241141756442,0.006052488883370222
2009-04-10,-0.0242877784209183,-0.023154485283436332
2009-04-17,-0.0023350491242118774,-0.00221695955298997
2009-04-24,-0.009994415505948814,-0.0097858651331126
2009-05-01,0.010867796452565286,0.010353724120574294
2009-05-08,-0.06549571073248125,-0.06627656728053864
2009-05-15,-0.0020396758634415244,-0.003002598628169744
2009-05-22,0.029938167126235687,0.029139704218589677
2009-05-29,0.03857988726986005,0.03881515375431434
2009-06-05,0.013481527123697025,0.012368916400988743
2009-06-12,-0.009068032898491393,-0.008848150985359479
2009-06-19,0.004087229445569494,0.004558920046024567
2009-06-26,-0.009473319526347999,-0.009230790181107364
2009-07-03,-0.00046643005861805344,-0.0009453625747559893
2009-07-10,0.021720385051886188,0.021765499576448678
2009-07-17,0.012920152049590107,0.011992160883306235
2009-07-24,-0.04490546965420388,-0.04510673301258315
2009-07-31,0.0025848694181738376,0.0028784034296307987
2009-08-07,-0.013380087345604585,-0.012579474968316533
2009-08-14,0.0043434544244815125,0.00455283615900896
2009-08-21,0.0005658245436025813,0.0005239294129399265
2009-08-28,-0.0014306028465944087,-0.0008924772945133747
2009-09-04,0.004559600741486996,0.004932486930942945
2009-09-11,-0.006986048695236298,-0.007188012432468344
2009-09-18,0.015202751641399392,0.01468841884844696
2009-09-25,-0.010429730954483017,-0.010869124585133248
2009-10-02,-0.016592834305067954,-0.01627430981689505
2009-10-09,0.008697358925038277,0.008711578723641459
2009-10-16,-0.031394910155146484,-0.031518794353054914
2009-10-23,-0.025327497371260055,-0.024396307245520103
2009-10-30,0.004477627410982269,0.004696866436733381
2009-11-06,0.0016023853191903976,0.0013984172278853546
2009-11-13,0.0,0.0006046084534099532
2009-11-20,0.012991180536436737,0.012704592553347839
2009-11-27,0.0015539767837337761,0.001988572212839759
2009-12-04,-0.020398631698387012,-0.02060051020384133
2009-12-11,-0.023891803120786276,-0.02387533243805135
2009-12-18,-0.032597819915181195,-0.032397931079640445
2009-12-25,0.007088829901583104,0.007202143603045759
2010-01-01,-0.002357510426472807,-0.0020489419117072864
2010-01-08,-0.01578701178370149,-0.016114403941921485
2010-01-15,0.006280391741331975,0.005328581025871228
2010-01-22,0.020006761401094413,0.019945197145251163
2010-01-29,-0.011878598572217219,-0.011970175976125822
2010-02-05,0.015930202681374885,0.01560004098240543
2010-02-12,0.026061857202126018,0.025969520579401044
2010-02-19,0.00823781631806418,0.007779018004517613
2010-02-26,-0.016359921309486863,-0.016471833764274985
2010-03-05,0.002518645222336173,0.0022137940831502027
2010-03-12,0.0005454490754192385,0.0009175764199363685
2010-03-19,0.007329775391287503,0.007130343498322838
2010-03-26,-0.010188517140078346,-0.009533404379230804
2010-04-02,0.014936488789815868,0.01491996411757948
2010-04-09,-0.003940767018917694,-0.0038857589735281244
2010-04-16,-0.002154134538538596,-0.0018012866910061699
2010-04-23,-0.004112594115024307,-0.003376294571558809
2010-04-30,-0.006419229919186661,-0.006533231630555704
2010-05-07,0.0008863897410282262,0.0006080250484664903
2010-05-14,-0.007072226644669964,-0.00620305108169298
2010-05-21,0.006736452113580869,0.006522245005910356
2010-05-28,0.012389058359915977,0.012231730176371578
2010-06-04,-0.002321083584901131,-0.002192752950634612
2010-06-11,0.008775121123373808,0.00894702100089574
2010-06-18,-0.0015431760102010772,-0.0013515499548256973
2010-06-25,0.02771028636299825,0.02801543431113309
2010-07-02,0.010794937024170193,0.01147327438431347
2010-07-09,-0.0017779581354906808,-0.0022359138781787736
2010-07-16,-0.000282506206187767,-0.00042815937343772736
2010-07-23,0.008031451492912584,0.007683684181008929
2010-07-30,-0.0007004124149834375,9.099658202622526e-05
2010-08-06,-0.007274766863708591,-0.0076777248829820255
2010-08-13,0.004854363871506877,0.004662582788699728
2010-08-20,0.012509436239379609,0.012046615147460329
2010-08-27,0.002523625734762909,0.0024789927231283868
2010-09-03,0.015574341415032483,0.015653934825157746
2010-09-10,0.014928117676143843,0.015049142567594242
2010-09-17,-0.011175572986056221,-0.01154084360532592
2010-09-24,-0.004282985630675747,-0.004549501221400182
2010-10-01,0.014520201437029425,0.013710971943450173
2010-10-08,0.0055480024608449315,0.005519058649185589
2010-10-15,-0.021041631224790927,-0.019571272450277594
2010-10-22,0.0,4.936791309953655e-05
2010-10-29,-0.007289115182025664,-0.008124423168963977
2010-11-05,-0.010186984665358684,-0.010788234291571044
2010-11-12,-0.03743180296595883,-0.036448547950978454
2010-11-19,-0.00042739443112408543,0.0003694700681288639
2010-11-26,0.04607866508762067,0.04687904052063642
2010-12-03,-0.014122703786067742,-0.014820076084263384
2010-12-10,0.0032724917924295376,0.002894317725672642
2010-12-17,0.001543016301414569,0.001375141653387828
2010-12-24,-0.00471251935447083,-0.004983844880759651
2010-12-31,-0.040925512463564594,-0.04066948419811921
2011-01-07,0.07065314823116435,0.0719196403822259
2011-01-14,-0.038108682031065245,-0.03686649042046666
2011-01-21,-0.021281158412208376,-0.021705276796867134
2011-01-28,0.010700360337681588,0.011221338150253467
2011-02-04,-0.004602963569744746,-0.0037822773553490563
2011-02-11,0.0061117710397151845,0.005544924080678901
2011-02-18,0.01565585832669062,0.016145493544037957
2011-02-25,-0.006108679312218052,-0.0067315464541603445
2011-03-04,-0.03967726943218214,-0.04002456241923527
2011-03-11,-0.03798192006278931,-0.037945974429112295
2011-03-18,0.013806724778647526,0.014028765292065034
2011-03-25,0.025410623838041414,0.025097280188856343
2011-04-01,-0.031183479031606322,-0.032003447656971135
2011-04-08,-0.01872796589864715,-0.01847162591564676
2011-04-15,0.022372367757699962,0.02183359140225001
2011-04-22,0.00516529788213867,0.005366180951142956
2011-04-29,-0.010363675840836006,-0.010821748162334496
2011-05-06,-0.00022529478137249016,-0.00026117404731126523
2011-05-13,0.013514197350612895,0.014239775375190165
2011-05-20,0.009163669448512102,0.009294393852795523
2011-05-27,-0.012591794732581818,-0.012509438758386298
2011-06-03,0.008184003236477017,0.008491635708118065
2011-06-10,0.020222981951104148,0.01999618149054882
2011-06-17,-0.0009506381558477463,-0.0007804917854041084
2011-06-24,0.02751495429179664,0.02768143917744081
2011-07-01,-0.006043135226995103,-0.00601728618103508
2011-07-08,-0.0048373768348786705,-0.004125060388652138
2011-07-15,-0.029626500430158242,-0.029616329999120162
2011-07-22,-0.021006136181000185,-0.021263194426807595
2011-07-29,0.012158205979111159,0.012969387077769968
2011-08-05,0.006377806466277966,0.00639498614080411
2011-08-12,0.0008198617226469387,0.0004451295154017567
2011-08-19,0.008002441152865676,0.007539119133305499
2011-08-26,0.007089679041553,0.006441849987122137
2011-09-02,0.019814702138212827,0.019977993899879413
2011-09-09,-0.007963895207302785,-0.007630589324689685
2011-09-16,-0.010901124114938827,-0.010772759993256463
2011-09-23,-0.0061724656586312175,-0.005619324943750547
2011-09-30,0.03654284060395222,0.03529364809792278
2011-10-07,-0.029856927939055068,-0.030915558470903062
2011-10-14,0.010466541064505699,0.010602416768644466
2011-10-21,-0.025127328410239826,-0.026335807382079097
2011-10-28,-0.030001879135767382,-0.030598804676733773
2011-11-04,0.020787198182990182,0.021158893305264576
2011-11-11,-0.0002655191773697392,-0.0003095519297882369
2011-11-18,-0.006782100139491282,-0.006628236990154042
2011-11-25,-0.002012751698161893,-0.0015869889519049933
2011-12-02,0.03518403225280049,0.03447458236806636
2011-12-09,0.0001877078593112147,-0.0007397638268830282
2011-12-16,-0.026671561648643892,-0.02655125379415018
2011-12-23,-0.020251392829764882,-0.019844397841498995
2011-12-30,0.0027564148211445634,0.0028558655816174144
2012-01-06,-0.007202022827306587,-0.00756213871368653
2012-01-13,-0.006661205811754556,-0.005164944565790898
2012-01-20,-0.02205726874542773,-0.023527409936826876
2012-01-27,-0.012426181635443454,-0.013228472155198585
2012-02-03,0.0033573203785608094,0.0033233210130114393
2012-02-10,0.0002539051088019124,0.0006670394569348401
2012-02-17,-0.02527729712027761,-0.025002534623180125
2012-02-24,0.008025093280024246,0.008198997178900515
2012-03-02,0.007713881082136109,0.008279125317554432
2012-03-09,0.0034859851077236135,0.0036838650005081935
2012-03-16,0.001016913232519328,0.0020787249821852677
2012-03-23,-0.01964148771231792,-0.019655566536241995
2012-03-30,0.005239745304517818,0.005123258933009566
2012-04-06,-0.010043783522052764,-0.00984261086037003
2012-04-13,-0.008374049180896036,-0.008434828421967988
2012-04-20,0.003102480817874455,0.0026308071122576517
2012-04-27,0.01025283466472256,0.010553608739556488
2012-05-04,-0.01737932378836704,-0.017207431955243012
2012-05-11,0.0076675615208842696,0.0073210603042134295
2012-05-18,-0.015542834571579511,-0.015165329254983435
2012-05-25,0.012528425570555002,0.012216737472955572
2012-06-01,0.0061840309004857295,0.006620328364848162
2012-06-08,0.00454843745305903,0.004145934830833408
2012-06-15,-0.009909923620571415,-0.009866680201008747
2012-06-22,-0.045072682227993655,-0.04560904584045466
2012-06-29,0.020511787936853265,0.02017622463598868
2012-07-06,0.024541035743789,0.024248699590989492
2012-07-13,-0.010516589916224211,-0.01114031456880205
2012-07-20,0.029944177992235657,0.02963399240944014
2012-07-27,-0.010385954431446649,-0.010991576793364054
2012-08-03,0.006218482914281027,0.006698385025235376
2012-08-10,0.02669185253226377,0.025895074270363666
2012-08-17,-0.015334694608572804,-0.014986101536594462
2012-08-24,0.005194755414698013,0.005387468275127921
2012-08-31,-0.001817428786514844,-0.0015394824716168974
2012-09-07,0.00018153730373582193,0.00049706690836087
2012-09-14,0.003960486480843499,0.0036986114158165445
2012-09-21,0.005351577081511497,0.005562866571604602
2012-09-28,0.007326415462536318,0.007457373525546579
2012-10-05,-0.00979379159561681,-0.009211957524536312
2012-10-12,-0.007910869431078365,-0.007792460837178374
2012-10-19,-0.014970515536375593,-0.015454238327326196
2012-10-26,0.0009371636042608813,0.0007373298958752803
2012-11-02,-0.01046807101352478,-0.010559686733576119
2012-11-09,-0.004631585449173657,-0.004074850435577045
2012-11-16,0.001003529827347474,0.0012370091520547914
2012-11-23,0.0003588797246698201,-0.0003224180977992423
2012-11-30,0.004949686684134702,0.005060318587188534
2012-12-07,0.028685088249525904,0.029133279980492647
2012-12-14,0.0032114321199333364,0.0030909226641775544
2012-12-21,0.006556662571331824,0.006573487744998233
2012-12-28,0.002168417231916463,0.0021078324256226747
2013-01-04,-0.007592363841014137,-0.007380646687322736
2013-01-11,0.002043194611389815,0.0019422103718681853
2013-01-18,0.03233439756185178,0.03233308986842391
2013-01-25,0.02064600284766852,0.021669323944254675
2013-02-01,-0.00029695619896064063,-0.0007210273552658766
2013-02-08,0.0036309735035740167,0.0035108339168112694
2013-02-15,-0.0008706326463447937,-0.0010197854268952475
2013-02-22,-0.0003227381619263685,-0.0003693283250921404
2013-03-01,-0.009002586878564312,-0.008811478776839802
2013-03-08,0.020173547401113396,0.020207335234600034
2013-03-15,-0.022101532599170068,-0.022553033509861854
2013-03-22,-0.005289950047026759,-0.005594204182774612
2013-03-29,0.004006178137740162,0.0037596313163408886
2013-04-05,0.008722011954481895,0.00967824538097617
2013-04-12,-0.006632303927685695,-0.006817539428290249
2013-04-19,0.00650200660814805,0.008379755565763494
2013-04-26,0.009401651825048521,0.009279455562225626
2013-05-03,0.0,9.688204542806752e-05
2013-05-10,-0.01120217469819118,-0.008898685581668765
2013-05-17,0.010200638862702675,0.011613127252496695
2013-05-24,-0.008086699177300963,-0.007797506798056971
2013-05-31,-0.013529445793025728,-0.013268487213716998
2013-06-07,-0.003314366036920314,-0.0033117221392962443
2013-06-14,-0.0012925108256231863,-0.0014955897160840942
2013-06-21,0.018118752652672543,0.018117232859096367
2013-06-28,0.002721999139059515,0.0033883720341961465
2013-07-05,-0.004352971632381332,-0.003857711744233926
2013-07-12,0.0026543063710746297,0.00327595427802666
2013-07-19,-0.03559078497382179,-0.03648686216231259
2013-07-26,-0.0009663362550922198,-0.00022843402837471188
2013-08-02,-0.004200222754281428,-0.004105900845822156
2013-08-09,-0.0041943348474880095,-0.0038940381174854665
2013-08-16,-0.0365276484713013,-0.0365768439347548
2013-08-23,-0.013374583641476366,-0.0127147876285763
2013-08-30,-0.002407592610395323,-0.00214561189853996
2013-09-06,0.040707601412955,0.040469954720325274
2013-09-13,-0.007798294428682923,-0.008675727112205746
2013-09-20,-0.007010657721165714,-0.006223773837835445
2013-09-27,0.016632137534000002,0.016976462387452783
2013-10-04,0.0054464296650879596,0.005196605752941829
2013-10-11,0.005382315242820087,0.004999485090706713
2013-10-18,-0.0016532382526618372,-0.002313152522729133
2013-10-25,-0.016001447172038996,-0.015828497515377005
2013-11-01,-0.018330056507013637,-0.01861240185466895
2013-11-08,-0.05921352919155231,-0.059761990675519405
2013-11-15,0.007133561601742831,0.007392738824295577
2013-11-22,-0.0009062696314535695,-0.0005003718458157363
2013-11-29,0.014139678658692013,0.013424179490671881
2013-12-06,0.009051177287934142,0.008483374229453031
2013-12-13,-0.006070495282628634,-0.006444338499939598
2013-12-20,0.014461254586955831,0.014347928695381646
2013-12-27,-0.012002480194620246,-0.012051518736957149
2014-01-03,0.00084580682693508,0.0006936726897857795
2014-01-10,0.007126430783499782,0.0071854479589110384
2014-01-17,-0.005850225801288061,-0.007001183931386396
2014-01-24,-0.005503836519612929,-0.00596406237961198
2014-01-31,-0.023638992702189346,-0.02319126215913949
2014-02-07,-0.00411455093374467,-0.004517587513414021
2014-02-14,-0.005392279418896011,-0.00511500518135364
2014-02-21,0.009121819200661664,0.01015984899218228
2014-02-28,-0.0007797641137628278,-0.00010968498410477909
2014-03-07,-0.0047256675452331046,-0.00504617857668792
2014-03-14,0.0015314466924102321,0.0007733548242546649
2014-03-21,0.020348084907112776,0.020340898347928953
2014-03-28,-0.018466247017800787,-0.018764409874031596
2014-04-04,0.0018236351479815616,0.002349231710958785
2014-04-11,-0.012471205538280314,-0.012395101165294835
2014-04-18,-0.015185514124782104,-0.015119985913152275
2014-04-25,-0.0016279764485648586,-0.0009449697376020492
2014-05-02,0.0027018328349598377,0.002769299665827976
2014-05-09,-0.027157509932829928,-0.027090864619777846
2014-05-16,0.007871792972661272,0.007708280260893745
2014-05-23,0.002516604973557695,0.001852374056716389
2014-05-30,0.002092694204504605,0.00211238018264507
2014-06-06,-0.002820246433177132,-0.002815892924096195
2014-06-13,0.005341369954290595,0.005277592415228337
2014-06-20,-0.021269705237759447,-0.02139588946677597
2014-06-27,-0.017172296115722182,-0.017169530904648442
2014-07-04,-0.0016851365333161068,-0.0021076498532759218
2014-07-11,0.006961773673407556,0.00676951715238343
2014-07-18,-0.006290467765230993,-0.006118935755033588
2014-07-25,0.023688377873530266,0.023593385639573312
2014-08-01,0.011165310499180719,0.010746245300437964
2014-08-08,0.003719067199968617,0.0034968046511860648
2014-08-15,0.013402082694552842,0.013728310310696174
2014-08-22,-0.0032697624464506805,-0.0031932862323043533
2014-08-29,-0.002533180117815727,-0.0022372641269926326
2014-09-05,-0.02093533158186539,-0.020935724707160507
2014-09-12,0.00862063659390975,0.0090156260990648
2014-09-19,0.0016235462368800104,0.0011003577950807926
2014-09-26,-0.006479614717469476,-0.006584987002095893
2014-10-03,0.006830208059307322,0.006704091269567274
2014-10-10,-0.020005768470765014,-0.019315132420913737
2014-10-17,-0.005755192738681171,-0.006464179936288478
2014-10-24,0.016257604713526698,0.016177140770003748
2014-10-31,0.0022277612109210167,0.0021850145569266657
2014-11-07,0.0031235058606960235,0.0036572065812511857
2014-11-14,-0.014564138936086156,-0.015129148331952839
2014-11-21,0.01535867983447118,0.014936666920391849
2014-11-28,-0.006624290349355244,-0.005948471798386553
2014-12-05,0.03738658826076481,0.036949590384029764
2014-12-12,-0.012343520609034965,-0.012434762246370908
2014-12-19,-0.005007065551472456,-0.005310421436678563
2014-12-26,-0.00029392599866606695,-0.0008172291760457258
2015-01-02,-0.0052182965519367115,-0.0050859509787932414
2015-01-09,0.044193181381791506,0.04413662279852442
2015-01-16,-0.007128208135513381,-0.007026960039045174
2015-01-23,0.0014105941034110638,0.0010491014233492812
2015-01-30,0.01741152523215611,0.018116275683891674
2015-02-06,0.0023323819190061434,0.0016276775445185632
2015-02-13,0.02422449180123802,0.02527890527178312
2015-02-20,-0.01103523494595271,-0.011225254760927183
2015-02-27,0.022037867319641302,0.021885128147182922
2015-03-06,0.0011535411881139455,0.0018362924497093112
2015-03-13,-0.004840922033931862,-0.004828459378312501
2015-03-20,-0.0031095971729661054,-0.003326568268286416
2015-03-27,0.0052292113316737,0.0049692852471379615
2015-04-03,0.009913117675167688,0.009695946058524993
2015-04-10,0.0058107309459031215,0.005469987170737894
2015-04-17,-0.013016257430413437,-0.013234217113522694
2015-04-24,0.03905367451846723,0.03867870886881049
2015-05-01,-0.017727112462455008,-0.01774936128283016
2015-05-08,-0.023833855902800252,-0.024024857199840887
2015-05-15,-0.005598609429104708,-0.005563926464405742
2015-05-22,0.0052644259774836475,0.005311193961244191
2015-05-29,0.004838760354652418,0.004397104300277177
2015-06-05,-0.00036256455184467164,-0.00011353380225059568
2015-06-12,0.009153672199831521,0.009151194238479064
2015-06-19,-0.006778542799065496,-0.006754377345904174
2015-06-26,0.01632251487527364,0.016686601254971345
2015-07-03,0.00014587359956477058,0.0006371967074035693
2015-07-10,-0.005279248666427224,-0.00556475715268696
2015-07-17,-0.030949219560473328,-0.02966352238723636
2015-07-24,0.0,0.0005252513858231209
2015-07-31,-0.0023004030245141003,-0.0020346357755800367
2015-08-07,-0.05744318666012856,-0.05760337737850718
2015-08-14,0.000480018448435815,0.0007300134165424271
2015-08-21,-0.0023213991747934384,-0.0024748284294228984
2015-08-28,0.017807841177066408,0.017443920370888825
2015-09-04,-0.00043442728277750045,-0.000553188925920114
2015-09-11,0.002157427209629671,0.0026058842047130097
2015-09-18,0.002812949685503014,0.003397721827677941
2015-09-25,-0.007582254692028925,-0.008010927502181344
2015-10-02,0.019903425538083438,0.02016720088231487
2015-10-09,-0.002005604500112744,-0.0009224555599871738
2015-10-16,0.008792511045397172,0.009572959462411735
2015-10-23,-0.008482823262942918,-0.007885458518519113
2015-10-30,0.0,0.0002708480092729667
2015-11-06,-0.004443467737882772,-0.004309282285139764
2015-11-13,-0.004188161565210714,-0.003870797170287825
2015-11-20,-0.004169855931053566,-0.004164514799064326
2015-11-27,-0.0023239409201474453,-0.002563882806575054
2015-12-04,0.002151550071775017,0.0026659416128315006
2015-12-11,-0.004126827075786044,-0.003740489349863157
2015-12-18,0.009131613631376897,0.009100367091729912
2015-12-25,0.004504978757619479,0.004489855404045232
2016-01-01,-0.00015033261521189313,-0.00016847421354413745
2016-01-08,-0.002501058504346766,-0.0025651128288838457
2016-01-15,-0.05092840714449588,-0.051116397279858075
2016-01-22,0.02855791670383569,0.028587859074797523
2016-01-29,0.007097674754417861,0.0074987327512742894
2016-02-05,-0.06119395875520732,-0.05995559274962856
2016-02-12,-0.002604166666666668,-0.0018269091529657423
2016-02-19,0.0254994644379332,0.024242145398958848
2016-02-26,-0.009154838291528921,-0.010265201976002777
2016-03-04,-0.01615760912275602,-0.016510585706260753
2016-03-11,0.011595160460842522,0.011550550192628014
2016-03-18,-0.012808479346886888,-0.012510689621045238
2016-03-25,0.0049134113536560275,0.004529971606736643
2016-04-01,-0.029317166111069194,-0.028968413167764082
2016-04-08,-0.0046387243475285445,-0.004356662542682955
2016-04-15,-0.01266725798618227,-0.013096045705989046
2016-04-22,0.015146953848821715,0.01506227295927563
2016-04-29,-0.023675370898615503,-0.023674117545233873
2016-05-06,-0.019170588858663,-0.019760093191568025
2016-05-13,0.015226766475489702,0.01618682188089986
2016-05-20,0.019167192748288445,0.019419435366869915
2016-05-27,-0.0019984018768914123,-0.002359434009152077
2016-06-03,0.009873011769498247,0.010069990674142574
2016-06-10,0.004282154387453237,0.004069731156979933
2016-06-17,0.011747391931443122,0.012242572276121008
2016-06-24,-0.005005801593270836,-0.004258678767878218
2016-07-01,-0.0004209413194892937,-0.0008705346715440852
2016-07-08,0.017303206939679346,0.017561482350532648
2016-07-15,-0.0015791899476281053,-0.0018369965195126417
2016-07-22,-0.016093082670392517,-0.01577598614475476
2016-07-29,-0.03235079218752092,-0.0320173307020617
2016-08-05,0.00029965752853727823,0.0008970384005381159
2016-08-12,0.001775077633190552,0.002297851732019412
2016-08-19,-0.0030880330151108653,-0.0030702394356547226
2016-08-26,0.004987658055992105,0.005065051133821489
2016-09-02,-0.0056422636102714425,-0.004904120529449583
2016-09-09,-0.003436087094233986,-0.0037862972439736634
2016-09-16,0.05265026108350725,0.052030177145588954
2016-09-23,-0.00530117575025065,-0.005207760656319766
2016-09-30,-0.008416973405441692,-0.008188965920631825
2016-10-07,0.013646188567640306,0.013664013825407408
2016-10-14,-0.002220034125386368,-0.0021505127562235
2016-10-21,-0.009871447429318336,-0.009803247939377452
2016-10-28,-0.00984217275908376,-0.009956826878998303
2016-11-04,0.00018901953677944935,-7.676823834814814e-05
2016-11-11,0.017286975001730286,0.019466221460881103
2016-11-18,0.01092196378226699,0.011519112565942511
2016-11-25,0.006911460066577502,0.0065046458258708004
2016-12-02,-0.002831704202293764,-0.002291243935029304
2016-12-09,0.013267503152300221,0.013191914688850441
2016-12-16,0.01458986467716979,0.014462191882300229
2016-12-23,-0.01580961284416171,-0.015007400459070992
2016-12-30,-0.003251951418077011,-0.003370418283464423
2017-01-06,-0.015796817201169024,-0.0163478807825526
2017-01-13,-0.0013912207869299538,-0.0009895318503934832
2017-01-20,-0.0031308234834547437,-0.0030542586672172214
2017-01-27,0.023216281742219198,0.02350512875737796
2017-02-03,0.014724100582108303,0.014703554616371614
2017-02-10,0.0017697538953906182,0.002217684216594684
2017-02-17,0.000956074028726368,0.000564472513082984
2017-02-24,-0.006327890561696026,-0.006806942019609168
2017-03-03,-0.012427316679964088,-0.012177420038427247
2017-03-10,-0.010690542138982479,-0.010667570422378946
2017-03-17,0.0373437106523033,0.037182185263885045
2017-03-24,0.012523006710543572,0.012333197140153374
2017-03-31,0.012040656709762877,0.012433363363276002
2017-04-07,0.02580100580535323,0.02647498676315866
2017-04-14,0.009965259150930866,0.010160055664299967
2017-04-21,-0.0007996245566427862,-0.0012388340637449133
2017-04-28,-0.010721414649780565,-0.010497908228756058
2017-05-05,0.001589983887748966,0.0017428237225978718
2017-05-12,-0.024053402856680686,-0.02446602688824017
2017-05-19,-0.007943710272639865,-0.007969224760867503
2017-05-26,0.01523121944220664,0.015521317877713523
2017-06-02,0.007196455381450266,0.007725401000010972
2017-06-09,-0.005191667299895823,-0.005312963305777255
2017-06-16,-0.013068200809237002,-0.0125909371983182
2017-06-23,0.008639104497783785,0.008802994094951768
2017-06-30,-0.019100548376013618,-0.019895591947054567
2017-07-07,-0.002505144409291154,-0.0033409783075737907
2017-07-14,0.027288799064891824,0.027093582076644092
2017-07-21,0.00681339954363815,0.007063427857484983
2017-07-28,-0.009475522667859079,-0.009765304562472625
2017-08-04,0.006010491760529587,0.0054596000084461485
2017-08-11,-0.003568960646589182,-0.003730046905375086
2017-08-18,0.014495722195014436,0.014458519093485382
2017-08-25,0.0034912053878125016,0.0036144237421721
2017-09-01,0.002201927652841439,0.0021758427592812168
2017-09-08,-0.008146091636563196,-0.008738023798080845
2017-09-15,0.00929586993985676,0.00919092349277787
2017-09-22,0.00573361532668006,0.005336975598613506
2017-09-29,-0.0068616121188354775,-0.0067387323283658925
2017-10-06,-0.001049830104365471,-0.0014122130820173988
2017-10-13,0.002701794812383196,0.0029324912734754773
2017-10-20,-0.010447964331830595,-0.010160940202028667
2017-10-27,-0.018891147173195212,-0.018709006430870003
2017-11-03,-0.0021983774708570474,-0.001576564632128432
2017-11-10,-0.0032346445200746405,-0.0029382746348856313
2017-11-17,-0.0013244439494966374,-0.0015711980021113296
2017-11-24,-0.0011645271907834483,-0.0006099864829292086
2017-12-01,0.02395566238608439,0.022847386640963734
2017-12-08,-0.007576975506222048,-0.0075964890584100785
2017-12-15,-0.02551267744388227,-0.025633945840434696
2017-12-22,0.01852627969926133,0.01844258314151223
2017-12-29,0.0027999693545805635,0.002797883710240024
2018-01-05,0.017722366157184442,0.017650271688910254
2018-01-12,-0.0003837819522128187,-0.0002468610058966054
2018-01-19,-0.002690414024392924,-0.003025756969619685
2018-01-26,0.013616226064480003,0.014599074657023921
2018-02-02,0.00666492038347005,0.0072853013483607735
2018-02-09,-0.008199287296858631,-0.008298536282530161
2018-02-16,-0.001008483210793016,-0.000769688623977899
2018-02-23,8.75912433592925e-05,0.0006310453584664911
2018-03-02,-0.00013737702542628624,-9.454138083139665e-05
2018-03-09,0.0027251331599157796,0.0031736984456022417
2018-03-16,0.0058097750310683125,0.0057732900321056805
2018-03-23,0.009575524084702119,0.009111736849001798
2018-03-30,-0.0031461557083018628,-0.00256908969457164
2018-04-06,-0.025923908347256365,-0.027005879299006108
2018-04-13,0.004632303341213895,0.0043827203688552455
2018-04-20,0.033696077665281036,0.03385190374930254
2018-04-27,0.008034435366578163,0.007986930594769914
2018-05-04,0.05536945831281555,0.0550918818534811
2018-05-11,-0.006544007183071133,-0.006233553870918658
2018-05-18,0.0042509136771431985,0.0045862987956586995
2018-05-25,0.001322698259877333,0.001329079471280502
2018-06-01,0.00010762039543047927,0.0002948723875887613
2018-06-08,0.0046302641731644015,0.004065944550816195
2018-06-15,-0.05200498303372031,-0.051800000622504436
2018-06-22,4.1889828341485497e-05,-0.00029071003132314505
2018-06-29,-0.017163981223751436,-0.017144655603988507
2018-07-06,-0.0028159128616018006,-0.0037807858758276795
2018-07-13,0.007164747807734348,0.007580155726680267
2018-07-20,-0.003584724379541402,-0.0038742900969309345
2018-07-27,-0.030145420643731567,-0.03008649481020194
2018-08-03,0.027640117604615974,0.026620380228284564
2018-08-10,0.009026886652237148,0.009273602345028052
2018-08-17,-0.00864780322621378,-0.009194572177728436
2018-08-24,0.01056304701003341,0.009665088126821611
2018-08-31,0.0036927978752162964,0.004019122823363192
2018-09-07,-0.0046697524760734134,-0.004669065785451577
2018-09-14,-0.003597519443901371,-0.0041220096594554965
2018-09-21,-0.0011456714485661434,-0.0015591319936732757
2018-09-28,0.006483060070712957,0.0065038505476453555
2018-10-05,-0.018947042784490904,-0.019160514990670244
2018-10-12,-0.01528047806657225,-0.01492594757182578
2018-10-19,-0.011724199885946699,-0.011227484332632594
2018-10-26,-0.008229754337913137,-0.009084055707076006
2018-11-02,-0.020019462913081005,-0.020196815386692518
2018-11-09,-0.002565084275069518,-0.0020264357626623413
2018-11-16,-0.013270006693594016,-0.011250466404138487
2018-11-23,-0.01233448735964395,-0.01155744379397692
2018-11-30,0.0055750389703471265,0.004561271333275489
2018-12-07,0.014747912113857991,0.015595838087033445
2018-12-14,-0.001045948128700699,-0.0010897623624094672
2018-12-21,0.028593606730091814,0.028957133349370456
2018-12-28,-0.017835408183723533,-0.01820874004932057
2019-01-04,0.0012603878587725652,0.0007626365554665813
2019-01-11,0.015017535093682527,0.014348506672656759
2019-01-18,-0.07146806552649357,-0.07149202755416702
2019-01-25,-0.012034654908383603,-0.01204026427169547
2019-02-01,0.041553653970628594,0.040778917737999985
2019-02-08,-0.01035173338410633,-0.010483088398590855
2019-02-15,0.00019844687359575272,-0.0005640692637449152
2019-02-22,0.011981792427388595,0.012197829228501642
2019-03-01,-0.0017723868087839976,-0.0016467014523367483
2019-03-08,0.006218424067040429,0.006307793311479463
2019-03-15,0.02999769997825737,0.030554351350212085
2019-03-22,-0.009011839696882535,-0.008056706523683538
2019-03-29,0.00015798856180622954,-0.0003559644983619683
2019-04-05,0.004824392915537823,0.005444513864997485
2019-04-12,-0.00026827767253158937,-0.0004049991986558128
2019-04-19,-0.0005290135883186564,-0.0006756787595838943
2019-04-26,0.016145998989808747,0.016575407925171978
2019-05-03,-0.0016097727019671621,-0.002040208075111233
2019-05-10,-0.018708299078272497,-0.018891566444774556
2019-05-17,-0.024626587145392766,-0.023717778132226863
2019-05-24,-0.02058339698676899,-0.01952025358608264
2019-05-31,0.00869781097264092,0.009060328066828889
2019-06-07,0.013858038412195295,0.012895327419167189
2019-06-14,0.003302827524606996,0.003129690013176337
2019-06-21,0.0006598878261613317,0.000274151321062583
2019-06-28,-0.013648267004939296,-0.013801955849008396
2019-07-05,0.00764572543416364,0.007523650207818982
2019-07-12,-0.0406087127622682,-0.04038125230232956
2019-07-19,-0.03607804227704059,-0.036034740235158055
2019-07-26,0.008488829918671746,0.007938700359929536
2019-08-02,0.00998666743525763,0.009248188118240986
2019-08-09,0.016652156545749232,0.01677232014039039
2019-08-16,-0.0005511543205331537,-0.00032585108342946933
2019-08-23,-0.0016122951885497545,-0.0015005810997632527
2019-08-30,0.014443456378228045,0.014733012462866204
2019-09-06,0.0010896309029725573,0.0012472101031821771
2019-09-13,0.01280637329369823,0.012715276107319356
2019-09-20,0.007318354975728062,0.006830742101123971
2019-09-27,0.0008201678287782128,0.001198311255632259
2019-10-04,0.0014918023957492714,0.0012568299929335463
2019-10-11,0.009823084605990351,0.010208592877695256
2019-10-18,0.01756496886338932,0.017748111115894267
2019-10-25,-0.043543152190953796,-0.04202642689002352
2019-11-01,-0.0023504431715530103,-0.0027090484723906183
2019-11-08,-0.003792131965708087,-0.0031795207720359386
2019-11-15,0.004678853597367397,0.004921605824187433
2019-11-22,0.005108409436981874,0.004672926195987102
2019-11-29,0.0008285126404199248,0.0008950857799071782
2019-12-06,0.0012201073413224965,0.0011846617937573182
2019-12-13,0.023023790819780673,0.02319469652180403
2019-12-20,0.017346917076937626,0.018200854104526622
2019-12-27,0.0,0.00022999532760609957
2020-01-03,0.0,0.00035895651319751455
2020-01-10,0.0075094811964547085,0.008372110859311808
2020-01-17,0.004239362265631414,0.00485374320796114
2020-01-24,-0.006587656005775655,-0.005598319553940408
2020-01-31,-0.0055608403184858775,-0.005071529975903601
2020-02-07,0.008741742195030953,0.010055751923609035
2020-02-14,0.018927581920918184,0.018970170243144107
2020-02-21,-0.002615092643155535,-0.0016106582859051616
2020-02-28,0.0030483008554006846,0.0025437330766618707
2020-03-06,0.0002029511322838573,0.0009938209823136084
2020-03-13,-0.0010864557808140107,-0.0015683197322444824
2020-03-20,-0.01503902539140431,-0.014434050558551187
2020-03-27,0.04351920413359129,0.04256392640516188
2020-04-03,-0.030799481841537395,-0.030946445814087543
2020-04-10,0.04237442102012448,0.04100371342282942
2020-04-17,0.0611232947700054,0.06385693351302651
2020-04-24,0.007441443112883844,0.007668145746520107
2020-05-01,0.00899222720519529,0.007988937184809697
2020-05-08,0.01047075229240884,0.011828145148401619
2020-05-15,0.01411312737057241,0.015689616145144046
2020-05-22,-0.030604502606905577,-0.030686061294986272
2020-05-29,-0.0012727254464157817,-0.002291511035526137
2020-06-05,-0.03389559930004417,-0.035058245842991095
2020-06-12,0.0739757926806786,0.07436921076830096
2020-06-19,0.03215936705887081,0.03256158286493257
2020-06-26,0.005389210571766778,0.005978637215087675
2020-07-03,0.007584449608052789,0.009242412775725524
2020-07-10,0.0019135869897606989,0.004622099304793778
2020-07-17,0.0,-0.0013444391406150294
2020-07-24,-0.007489187304498915,-0.008130772347158132
2020-07-31,0.05050333534354134,0.05128535208394084
2020-08-07,0.001998764833259668,0.0023122078135871154
2020-08-14,0.038613345134638224,0.03901522703987456
2020-08-21,0.0,0.0025805954906500256
2020-08-28,0.0072528883096230805,0.0075083669084391284
2020-09-04,0.0028116177180100843,0.002362362974001225
2020-09-11,-0.0040097337751754045,-0.004806700869262111
2020-09-18,-0.014751438998120314,-0.013471456332814588
2020-09-25,0.057867576661743025,0.05774372074977044
2020-10-02,-0.005383123876209873,-0.0050856940282409295
2020-10-09,-0.001541054706956757,-0.001532735636151545
2020-10-16,-0.005554810075046211,-0.00546515459194697
2020-10-23,-0.00903981852178161,-0.009627053126046932
2020-10-30,-0.011718192071961415,-0.011873508896285568
2020-11-06,0.06472433616114599,0.0649281126992951
2020-11-13,-0.0029436560065028705,-0.0054447989175667524
2020-11-20,0.05613939920640022,0.05615980973589038
2020-11-27,-0.022163980055462662,-0.020797086856287134
2020-12-04,0.0008653144268012483,0.0009675892151503871
2020-12-11,-0.01982747701910342,-0.019523308022805757
2020-12-18,0.0015145128884543509,0.0018016669137237871
2020-12-25,0.006893839027708865,0.006957049215557096
2021-01-01,-0.007948188045937034,-0.007697554429178313
2021-01-08,0.055494514897688425,0.05732581716312439
2021-01-15,0.012672328973099908,0.013172228151296548
2021-01-22,-0.01113827257385593,-0.01228723261038293
2021-01-29,0.012575972516845259,0.011872947062226925
2021-02-05,0.0032896794002265466,0.004121328148637134
2021-02-12,-0.021799394669020422,-0.021959087355226697
2021-02-19,0.014498325851924065,0.014760010528231953
2021-02-26,-0.03608108960100135,-0.035152395156831204
2021-03-05,-0.035151177564614444,-0.033703499566101774
2021-03-12,0.01725472139258427,0.01671017891975246
2021-03-19,-0.014176935204881634,-0.01459055251901963
2021-03-26,-0.014776934357105568,-0.014346441763748895
2021-04-02,0.020472127441285938,0.01953092919796108
2021-04-09,-0.01100174770375654,-0.011144797028087827
2021-04-16,-0.016742619711674976,-0.01686568416270119
2021-04-23,-0.0008701913551342026,-0.0011058773704671638
2021-04-30,0.014707286063146637,0.014613679080733893
2021-05-07,0.06693425572939089,0.06668694597758329
2021-05-14,0.018797607193053675,0.01933358567529079
2021-05-21,0.0005261121512683178,0.00011057252466821488
2021-05-28,0.004696629375479247,0.004189927818972313
2021-06-04,0.006483862365301813,0.007353760566528537
2021-06-11,0.014069806028686774,0.013706923376922064
2021-06-18,-0.004753396242142769,-0.0041218584819045535
2021-06-25,-0.02094464532732428,-0.02129722604466219
2021-07-02,0.002000701663252428,0.0021610669969260835
2021-07-09,0.005929176129828055,0.005885013701791417
2021-07-16,-0.01103632650890501,-0.011723598155402096
2021-07-23,0.02575384218903883,0.026253971449686945
2021-07-30,0.002597108529753053,0.0019498605028130233
2021-08-06,0.009620136494200016,0.009479961751815919
2021-08-13,-0.005041064000691448,-0.00480550592324213
2021-08-20,0.0037849052712692517,0.00443093547976188
2021-08-27,-0.011695543805721038,-0.011714285695947336
2021-09-03,0.014457690839651647,0.014376627203808959
2021-09-10,0.003931358804786863,0.0038681061642932813
2021-09-17,-0.005504737698788157,-0.005554478777864377
2021-09-24,-0.0027523953337564673,-0.002598997605605436
2021-10-01,-0.03931729379052682,-0.03931555543884864
2021-10-08,-0.0021746149949035676,-0.0018935853393347067
2021-10-15,0.008653318176833754,0.008554619737837492
2021-10-22,4.643414556032566e-05,0.0006912978319762349
2021-10-29,0.02409075224113037,0.0255616866971472
2021-11-05,-0.003216155597903926,-0.0017213927557346645
2021-11-12,5.961874900617392e-05,-0.0007770597801641174
2021-11-19,-0.021525018349476656,-0.019958045864731697
2021-11-26,0.013936104659304132,0.01334488566722134
2021-12-03,-0.015132514495096117,-0.015473906644471269
2021-12-10,-0.028272389827840635,-0.02827252111219078
2021-12-17,-0.037275641013940576,-0.03780834487797429
2021-12-24,0.06194175621190893,0.06199611245419148
2021-12-31,-0.012619114080907302,-0.012426205350557261
2022-01-07,-0.05613422711596717,-0.056961460490044004
2022-01-14,0.007577452465204728,0.007797287064229512
2022-01-21,-0.03574784105941266,-0.03522909146695756
2022-01-28,-0.0013677334011464488,-0.0009798733354939963
2022-02-04,0.006367716766238887,0.005395628749919699
2022-02-11,0.012922830539362494,0.013158808155574178
2022-02-18,0.0019634524116892713,0.002018791903990022
2022-02-25,0.004901745080150713,0.004950663935859932
2022-03-04,0.026061420311179542,0.026423812409888878
2022-03-11,0.0035419921540583536,0.0038894968448787504
2022-03-18,-0.013483900926726279,-0.015953193627378674
2022-03-25,0.01578176530419321,0.015948806592133713
2022-04-01,0.008093183513996093,0.008377393972658295
2022-04-08,0.09350903562613355,0.09339286134915539
2022-04-15,0.027886602311133227,0.028721817836511794
2022-04-22,-0.0077508114088513415,-0.0070817114546355055
2022-04-29,-0.013377433301239246,-0.012196857150520195
2022-05-06,-0.022215890303447464,-0.021799926104606515
2022-05-13,-0.01893000948294769,-0.0181583154076956
2022-05-20,-0.020438963462970028,-0.01949788101219356
2022-05-27,-0.006616971653486185,-0.007721488027038842
2022-06-03,-0.026051381594672997,-0.02628873510312564
2022-06-10,0.04236588018311871,0.04267186399242319
2022-06-17,0.004730712122417399,0.0042831768281900336
2022-06-24,-0.04279427555714799,-0.04301809458539399
2022-07-01,0.04670720671100044,0.04775213104338321
2022-07-08,-0.04721443246834748,-0.04819268602601219
2022-07-15,0.014342574071497935,0.014296624217890746
2022-07-22,-0.07049074216335607,-0.07126128648831219
2022-07-29,-0.023169409375145965,-0.023112336567488068
2022-08-05,-0.023715088877227637,-0.023609986518079558
2022-08-12,-0.006826086243399919,-0.006705114857468638
2022-08-19,0.007111292896727076,0.006512794508282665
2022-08-26,-0.015888164395509607,-0.01631395196335828
2022-09-02,-0.011571477913382663,-0.011061024004679211
2022-09-09,0.01658858357132468,0.01654910397154273
2022-09-16,-0.035960453294830164,-0.03524054682205627
2022-09-23,0.000755902892226339,0.00038685753906959885
2022-09-30,0.010565714708229292,0.010248175947657954
2022-10-07,0.04608912565034451,0.04526378730200156
2022-10-14,-0.04828118132997683,-0.047424229442104726
2022-10-21,0.026548201880063422,0.026541788616706884
2022-10-28,0.01955443645799509,0.018204812479613506
2022-11-04,-0.027755840349747485,-0.025767592196237803
2022-11-11,-0.02775291513591658,-0.028051881758848027
2022-11-18,0.01625243400963018,0.01696462932328378
2022-11-25,-0.009792089228334296,-0.00935916972844247
2022-12-02,-0.020146850880866186,-0.020639512766029468
2022-12-09,0.013864248911342426,0.014493256124297752
2022-12-16,0.005808785619265414,0.006784512570108706
2022-12-23,0.011812786255461005,0.01284060417441375
2022-12-30,0.00015912954386857782,0.0003300144325469748
2023-01-06,0.0018973176639883946,0.0026592825014837528
2023-01-13,0.01720232831789048,0.015988479182648792
2023-01-20,-0.001387418785102422,-0.002296363508054341
2023-01-27,-0.07100054942795549,-0.0712834640547884
2023-02-03,-0.02149797630006648,-0.021221171289342856
2023-02-10,-0.0165564894708086,-0.01726257070623908
2023-02-17,-0.021876460608199144,-0.021904503945157975
2023-02-24,0.0006342893127151781,0.0011887728724039436
2023-03-03,0.0019514086524188843,0.0020362958017757053
2023-03-10,0.006410848418082128,0.005624070581626499
2023-03-17,-0.017454607350334952,-0.016949818269469053
2023-03-24,0.01380059576608298,0.014045420629069879
2023-03-31,0.030228343917247394,0.02988215445240989
2023-04-07,-0.021683721117854694,-0.022570251673300776
2023-04-14,-0.0005843879251833731,-0.0013889253938006198
2023-04-21,-0.02476521629027352,-0.024862625147947397
2023-04-28,0.01406894630526349,0.014035139111073031
2023-05-05,0.03358086764454582,0.03324593839557283
2023-05-12,0.024558627581288885,0.02431605493150501
2023-05-19,0.00813020106900212,0.00834207615275121
2023-05-26,-0.019763734716569302,-0.017661282130386258
2023-06-02,-0.03359758586111609,-0.03374374062669544
2023-06-09,-0.030491218205760395,-0.030533040815227036
2023-06-16,0.0,0.0009875062562951786
2023-06-23,-0.002874975600237731,-0.00262161052692249
2023-06-30,0.0017792546679223,0.0017353104165302047
2023-07-07,0.008085608914060329,0.008792880317841494
2023-07-14,0.011389790622341578,0.012026427884490369
2023-07-21,0.0,-0.0016694913376386691
2023-07-28,0.020274340484784457,0.020323372887353336
2023-08-04,0.0009351598353773225,0.0008676643795888107
2023-08-11,-0.049119113587211244,-0.049562527049151726
2023-08-18,-0.014622203405276942,-0.014698669263770014
2023-08-25,0.04723338528254415,0.04719082542902654
2023-09-01,0.0006777534367293971,0.0010383379995800562
2023-09-08,-0.0025947404573771204,-0.002848346266150688
2023-09-15,0.0133685326626381,0.01309056759575683
2023-09-22,0.006982073057093332,0.006189636361576607
2023-09-29,0.0022781114769917336,0.002725722741266111
2023-10-06,0.02120200402944207,0.02073710681250807
2023-10-13,0.01710648649727725,0.017098407100693484
2023-10-20,0.010575530557749475,0.01079985294494102
2023-10-27,-0.006450799572381703,-0.006922382574907293
2023-11-03,0.006147059835534357,0.0061907695763393665
2023-11-10,-0.007096171453065216,-0.006533469541914883
2023-11-17,0.004768517240951949,0.004165353031371406
2023-11-24,-0.0021411492491910655,-0.0023936302082285775
2023-12-01,0.004668247576053441,0.004369154466927548
2023-12-08,-0.007081541332440914,-0.006901937304268271
2023-12-15,-0.011480430419349616,-0.011356170394727777
2023-12-22,-0.0008779955191117756,-0.0013173278870341493
2023-12-29,0.002269908551550237,0.002282301613891065
2024-01-05,-0.0011890441938383432,-0.0015415124580552431
2024-01-12,0.002037792906822395,0.0027266134246801375
2024-01-19,-0.0028810421805902306,-0.0018252139513283486
2024-01-26,0.009296686552449859,0.010100801978278486
2024-02-02,-0.004673377714555394,-0.00459152730022224
2024-02-09,-0.003511379645852946,-0.0029310951832641867
2024-02-16,0.011611637800726899,0.011215351237581063
2024-02-23,0.00834720623985337,0.009381594464704261
2024-03-01,-0.01716067001747636,-0.01675678684634779
2024-03-08,0.04011713631519974,0.04095299691489374
2024-03-15,-0.005323567545256757,-0.005070617840880404
2024-03-22,0.015346472251860862,0.01575376076705851
2024-03-29,-0.002628569669412384,-0.0029556217450418445
2024-04-05,-0.006176973585439945,-0.00539415361377359
2024-04-12,-0.005373787888402074,-0.005575690414267311
2024-04-19,0.023654935226487445,0.02319950249985085
2024-04-26,0.032223148985503026,0.03162694094746455
2024-05-03,-0.012896149441337539,-0.014038429176674937
2024-05-10,0.04107777499075152,0.04095253416932898
2024-05-17,-0.003357332452061804,-0.0035561510807109445
2024-05-24,-0.02844456454698287,-0.027223525645923743
2024-05-31,0.005440661274366524,0.005614785727393557
2024-06-07,-0.006344070966678548,-0.00601305587629564
2024-06-14,-0.01188653632368843,-0.010685249497838282
2024-06-21,-3.972643599973666e-05,-0.0006785140580269806
2024-06-28,-0.0013412950096937104,-0.0016240139294808548
2024-07-05,-0.03744366230996017,-0.03582986924710969
2024-07-12,0.009219721671570555,0.0091015973507
2024-07-19,-0.03472310640436273,-0.03501825289447173
2024-07-26,-0.028464159986970154,-0.029191273361744423
2024-08-02,-0.008342395925737711,-0.008256448089275687
2024-08-09,-0.01652056824713029,-0.016504509181675647
2024-08-16,0.09269504186608482,0.09236531174575548
2024-08-23,0.002605833109979064,0.0029519789323387427
2024-08-30,-0.011107968828557063,-0.011488026359445576
2024-09-06,0.03105059315148624,0.03098517182985184
2024-09-13,-0.009850207014974674,-0.010858493507951955
2024-09-20,-0.0006448064699316278,-0.000594468650403747
2024-09-27,0.005799737069037378,0.005989976342993055
2024-10-04,0.017238117490386784,0.01655619758542131
2024-10-11,0.020478983682125158,0.02006952172270874
2024-10-18,3.208967397786821e-05,-0.0001093415360921197
2024-10-25,-0.01784416396391121,-0.019409617378772323
2024-11-01,0.0024439179348136678,0.0016011808902306225
2024-11-08,0.04592756974745795,0.04780321442846609
2024-11-15,0.0,-0.00010670265679203154
2024-11-22,0.002465621693152009,0.002650561195703633
2024-11-29,-0.0016587874776029148,-0.0016532906513908978
2024-12-06,0.0300107429443876,0.031699035718535
2024-12-13,-0.02436518089194436,-0.023247867136570115
2024-12-20,-0.0008283945160193484,-0.000610141296820646
2024-12-27,0.003133355698033006,0.0031960455959986417
2025-01-03,0.0116291181683435,0.011086636488910702
2025-01-10,-0.004020194613446253,-0.004483711857171899
2025-01-17,-0.0036218495451919557,-0.0034393648452279105
2025-01-24,0.0068584457609178,0.007120696647657939
2025-01-31,0.032988420926103726,0.03222095842597347
2025-02-07,-0.014765478733146396,-0.015896294128122376
2025-02-14,0.004057292504951033,0.003426765285552384
2025-02-21,-0.021392618563549886,-0.0213247267299407
2025-02-28,-0.014748064328118628,-0.013651106333471764
2025-03-07,0.0004992611710948301,0.0014000725302278014
2025-03-14,0.00999040956300442,0.00901030207528488
2025-03-21,0.0028606285372833056,0.0029455966268375736
2025-03-28,-0.0015483450496646851,-0.001219274588914708
2025-04-04,-0.013156464608209864,-0.012217285705089478
2025-04-11,-0.00031961594255895676,-0.002336284922102465
2025-04-18,0.0322519939985475,0.03298284728989887
2025-04-25,-0.0586114176254557,-0.05999379921693546
2025-05-02,-0.0369978615766392,-0.03666377767489097
2025-05-09,-0.008757893495082877,-0.008625344288471068
2025-05-16,-0.06336047969252787,-0.06399221622857362
2025-05-23,0.008999672591534395,0.00898279223390978
2025-05-30,-0.007938852708764637,-0.007912588534388556
2025-06-06,-0.0033332153975254002,-0.003993739199582872
2025-06-13,0.03997818225777885,0.039598008844650284
2025-06-20,0.02328109370800465,0.022883398172809967
2025-06-27,0.020524735984176475,0.021224217863069
2025-07-04,-0.025853646787915685,-0.026138403249670504
2025-07-11,-0.0074792783237003215,-0.007336101440474484
2025-07-18,0.016792417118185167,0.016901780762162623
2025-07-25,-0.029232000176535784,-0.02911984026575096
2025-08-01,0.004542700364228547,0.004817492772446029
2025-08-08,0.015137888364620267,0.014735581455982392
2025-08-15,0.004010251771099187,0.003887498806714744
2025-08-22,-0.0009874201429441176,-0.0013894630717067487
2025-08-29,-0.00047992223958076563,-0.0003772096760053358
2025-09-05,-0.03064659604972145,-0.02950666803710929
2025-09-12,0.021023008349589423,0.021760590674336854
2025-09-19,-0.007412307788279501,-0.006568080907957529
2025-09-26,-0.004974194925733718,-0.004908109638190105
2025-10-03,0.0,-0.00028842246455266975
2025-10-10,0.008079769874563547,0.007712999348371438
2025-10-17,0.01118238832915151,0.011793826488261267
2025-10-24,0.009504861273443374,0.009087365477935497
2025-10-31,0.011179712020498854,0.01128749037806472
2025-11-07,-0.007900049056164427,-0.008288137196575234
2025-11-14,0.0037948953870752603,0.0030808585102027122
2025-11-21,0.011534762421583617,0.012323720946769708
2025-11-28,0.024425638493484673,0.024646925982410244
2025-12-05,0.031845749933988886,0.03163994089479814
2025-12-12,-0.01625429035403973,-0.016020740305431477
2025-12-19,-0.010839820467209715,-0.011299213912445712
2025-12-26,-0.0121384850204246,-0.01220024072044253
2026-01-02,0.0023074358873861143,0.0018287329504608936
2026-01-09,0.0019423836206367562,0.002140402656937184
2026-01-16,0.020175420877349082,0.020180500843889716
2026-01-23,0.0,0.00019138139871127235
2026-01-30,0.005833436369165206,0.006461531093153235
2026-02-06,0.016560792692434986,0.01759530225140698
2026-02-13,-0.008109887967814087,-0.007931583226882677
2026-02-20,-0.0006859021584173126,-0.0011840484769015513
