Date,Strategy Return
2005-01-07,0.00243551615515125
2005-01-14,-0.0018253922106446314
2005-01-21,-0.023202678929523324
2005-01-28,0.03094390326645046
2005-02-04,0.08850182842162924
2005-02-11,-0.010653928825035536
2005-02-18,0.09234116700333533
2005-02-25,0.03196909708425866
2005-03-04,-0.03732699477710325
2005-03-11,-0.03849491193970511
2005-03-18,0.016135828617021047
2005-03-25,0.009459264476978865
2005-04-01,-0.030775726789357805
2005-04-08,-0.0005039544872236248
2005-04-15,-0.03216688905027654
2005-04-22,-0.011217815591860119
2005-04-29,0.01834914142255132
2005-05-06,-0.026142463361854884
2005-05-13,0.02340769231524842
2005-05-20,-0.0031701708310045715
2005-05-27,-0.012149946615039249
2005-06-03,0.05043162179923703
2005-06-10,0.0012413019782109656
2005-06-17,-0.02018639550544221
2005-06-24,0.034140306261959255
2005-07-01,-0.018195984049804936
2005-07-08,-0.0065656631520111235
2005-07-15,0.008697349828236852
2005-07-22,0.028157630931587588
2005-07-29,0.02321840991005775
2005-08-05,-0.01701737410459477
2005-08-12,-0.002468861090925513
2005-08-19,-0.03014351279199471
2005-08-26,0.005221768151776958
2005-09-02,-0.0185185463156039
2005-09-09,0.04956097218656033
2005-09-16,-0.009007979483093434
2005-09-23,0.00861224823005102
2005-09-30,-0.011664381844069852
2005-10-07,-0.028820472399189497
2005-10-14,-0.026292988950875618
2005-10-21,0.048264206306701134
2005-10-28,0.0013079493579211485
2005-11-04,0.04292791633992343
2005-11-11,0.0032914107681851785
2005-11-18,0.006058831255927245
2005-11-25,0.03656305099624882
2005-12-02,0.01692472691434447
2005-12-09,0.021203644497674423
2005-12-16,0.003098018147660529
2005-12-23,0.02788692435682812
2005-12-30,-0.015834048547486896
2006-01-06,0.024721673929940593
2006-01-13,0.04683260995551919
2006-01-20,-0.05615871667748914
2006-01-27,0.022827170644858286
2006-02-03,0.015123745385992296
2006-02-10,-0.04632333692000512
2006-02-17,0.025893063575096242
2006-02-24,0.011950485804500383
2006-03-03,0.027396826561588997
2006-03-10,-0.08410592601340754
2006-03-17,0.004197110831296997
2006-03-24,0.013258373048714764
2006-03-31,0.04851143674270089
2006-04-07,0.04126757661777598
2006-04-14,-0.02946339909861754
2006-04-21,0.01477358142799064
2006-04-28,0.02846527353008998
2006-05-05,0.044273245220736494
2006-05-12,-0.06174790907367041
2006-05-19,-0.0476750751088106
2006-05-26,-0.0366307959142463
2006-06-02,0.017113233006480634
2006-06-09,-0.021744223816920316
2006-06-16,-0.018758208171038272
2006-06-23,-0.047038595754334556
2006-06-30,0.01032986702772017
2006-07-07,0.011185420243238358
2006-07-14,0.06701309144619215
2006-07-21,-0.0683291392991474
2006-07-28,-0.027218824125999727
2006-08-04,0.020447396241453825
2006-08-11,0.0330446178201798
2006-08-18,-0.06637213253575594
2006-08-25,-0.0027369331769733574
2006-09-01,-0.029373245160488004
2006-09-08,-0.003552532231602937
2006-09-15,-0.01972791091366806
2006-09-22,0.02699852232058375
2006-09-29,-0.01706418145525342
2006-10-06,-0.034540095428953116
2006-10-13,-0.03844948027671202
2006-10-20,-0.02239757737163409
2006-10-27,-0.0681810116823431
2006-11-03,0.009049117127188366
2006-11-10,-0.041610787054635716
2006-11-17,0.02272282542216105
2006-11-24,0.04946908854869661
2006-12-01,-0.02591592611964747
2006-12-08,-0.03106701467136245
2006-12-15,-0.00040536421562076264
2006-12-22,-0.02240030076028406
2006-12-29,0.014463684887809393
2007-01-05,-0.049997312082938075
2007-01-12,0.07483555239799795
2007-01-19,-0.06186891288677577
2007-01-26,-0.010486076433181965
2007-02-02,-0.0038117000625682187
2007-02-09,0.013726649130722152
2007-02-16,0.018516477039999184
2007-02-23,0.03047988494369128
2007-03-02,-0.018082470395899934
2007-03-09,0.013170136532913322
2007-03-16,0.0017135075974819749
2007-03-23,0.016177303455020182
2007-03-30,0.023372544162242027
2007-04-06,-0.00624745711353307
2007-04-13,-0.014163407174934507
2007-04-20,0.0051521071750755265
2007-04-27,0.14319995681091663
2007-05-04,0.004798180087501694
2007-05-11,0.01642348260896405
2007-05-18,0.003805241826702794
2007-05-25,0.04760783071047754
2007-06-01,-0.008350721149165647
2007-06-08,0.007710845344286087
2007-06-15,-0.033432475578035525
2007-06-22,-0.039551231554750335
2007-06-29,-0.027540895038377977
2007-07-06,0.026656891475004198
2007-07-13,0.046297653080901904
2007-07-20,0.004160578906448869
2007-07-27,0.10596696194293316
2007-08-03,-0.06615830396728643
2007-08-10,-0.020403957817650215
2007-08-17,-0.01839093584599849
2007-08-24,0.07775755804070142
2007-08-31,0.0413992333745546
2007-09-07,0.01044719899931749
2007-09-14,-0.013422425024393246
2007-09-21,0.03165667067878197
2007-09-28,0.041919359707476955
2007-10-05,0.003454611649012838
2007-10-12,0.0034420090384596654
2007-10-19,0.030772187804871044
2007-10-26,-0.06995146468721006
2007-11-02,0.05469532876822769
2007-11-09,-0.08700833263821946
2007-11-16,-0.03403332755232861
2007-11-23,0.00882267638116596
2007-11-30,0.006405001923543022
2007-12-07,0.04862857502336719
2007-12-14,-0.0019845495119857905
2007-12-21,0.011304540498475402
2007-12-28,0.028961039020178322
2008-01-04,0.020117977228200405
2008-01-11,-0.005409311845871271
2008-01-18,-3.5510462617519695e-05
2008-01-25,0.041715572826817676
2008-02-01,0.009226911032870351
2008-02-08,-0.020071197388626137
2008-02-15,0.027008883605980562
2008-02-22,0.03317283227320585
2008-02-29,-0.008892754349938265
2008-03-07,0.016961820335421707
2008-03-14,0.006052795990447243
2008-03-21,0.017252639353546817
2008-03-28,-0.04311762275436685
2008-04-04,-0.00801923575066647
2008-04-11,0.005116640913527814
2008-04-18,-0.0590523518082203
2008-04-25,-0.006963061392316654
2008-05-02,-0.016418478019614796
2008-05-09,0.0007774493649021685
2008-05-16,-0.017196218742093462
2008-05-23,-0.021831014040018967
2008-05-30,0.06356597303137568
2008-06-06,0.012432298070753564
2008-06-13,-0.07258405100076781
2008-06-20,0.0020494565425624254
2008-06-27,-0.017230369488485258
2008-07-04,0.08491764929126915
2008-07-11,0.03223142316007639
2008-07-18,-0.10521642038214872
2008-07-25,-0.05208782712822035
2008-08-01,0.03576698383820871
2008-08-08,-0.013244240925082956
2008-08-15,-0.07311701954041017
2008-08-22,-0.018408914381984588
2008-08-29,0.02654229415002329
2008-09-05,0.05477720904497433
2008-09-12,0.028654876670228518
2008-09-19,-0.06298152774808385
2008-09-26,-0.02264175911013977
2008-10-03,0.03201713030422393
2008-10-10,-0.06591257239847391
2008-10-17,0.041749953570465834
2008-10-24,-0.0009085709382602863
2008-10-31,-0.12266495354354157
2008-11-07,0.035885746190266556
2008-11-14,0.0015826680477485737
2008-11-21,0.07639873374911224
2008-11-28,-0.17277823812805937
2008-12-05,-0.06730500432336668
2008-12-12,0.03127159785016344
2008-12-19,-0.006716800408784529
2008-12-26,-0.0231524553875273
2009-01-02,-0.023426543332444236
2009-01-09,0.03578760217446179
2009-01-16,0.04023217808547319
2009-01-23,-0.09464518558498576
2009-01-30,0.0012688034346692474
2009-02-06,-0.057904594986467134
2009-02-13,-0.07176115527742011
2009-02-20,0.009248331651890358
2009-02-27,-0.11006596529729036
2009-03-06,0.08796802393243217
2009-03-13,-0.11020179130783414
2009-03-20,0.0170496784369315
2009-03-27,0.060831726952917636
2009-04-03,0.06184189870136129
2009-04-10,0.0820592711613874
2009-04-17,0.008354860398927261
2009-04-24,0.02062561581225186
2009-05-01,-0.0370734841192889
2009-05-08,0.025690256251677836
2009-05-15,-0.04704690524454139
2009-05-22,-0.07064113491716084
2009-05-29,-0.026586788971457272
2009-06-05,-0.07019869955158745
2009-06-12,0.020276877219639403
2009-06-19,0.019957979334644643
2009-06-26,0.02183665416989074
2009-07-03,-0.023947947355431782
2009-07-10,-0.019420597519383593
2009-07-17,-0.06022603713180796
2009-07-24,0.03464573696636193
2009-07-31,0.012378512474038945
2009-08-07,0.05419262790787586
2009-08-14,0.006330125919537632
2009-08-21,-0.002701498145506019
2009-08-28,0.028862443203966248
2009-09-04,0.01444888971407121
2009-09-11,-0.0033093869634172415
2009-09-18,-0.04142171673657043
2009-09-25,-0.011969086353913801
2009-10-02,0.03283014709514487
2009-10-09,-0.00797248116428525
2009-10-16,0.025079708197753774
2009-10-23,0.07279645470449732
2009-10-30,0.006698444662258808
2009-11-06,-0.011999996242960886
2009-11-13,0.03082091624997174
2009-11-20,-0.027600477140237462
2009-11-27,0.020600244262219475
2009-12-04,0.01010754087062071
2009-12-11,0.024731423424289946
2009-12-18,0.04278748402715234
2009-12-25,-0.0013124764896224796
2010-01-01,0.01808730099974124
2010-01-08,-0.027886847152598336
2010-01-15,-0.030233206396173544
2010-01-22,0.005839706171722246
2010-01-29,-0.03957248583646526
2010-02-05,0.04258699005695291
2010-02-12,0.021450382402009062
2010-02-19,-0.016892756705052487
2010-02-26,-0.01148161309230496
2010-03-05,-0.03601168644801733
2010-03-12,-0.018657292445923103
2010-03-19,-0.023465191927458804
2010-03-26,0.03816668634816467
2010-04-02,-0.015961377357971908
2010-04-09,0.01972237910428668
2010-04-16,0.0082798486985974
2010-04-23,0.03978995243679869
2010-04-30,-0.007464631187243793
2010-05-07,-0.02448131467163791
2010-05-14,0.051379889036666904
2010-05-21,-0.013248199282254293
2010-05-28,-0.009341551610728693
2010-06-04,0.020538583115927045
2010-06-11,0.014336557055171931
2010-06-18,0.0057275949273707365
2010-06-25,0.03289678824698146
2010-07-02,0.0018560017011065577
2010-07-09,-0.012134371013087158
2010-07-16,-0.009219632757900907
2010-07-23,-0.01868724917609991
2010-07-30,0.03984542025106267
2010-08-06,-0.04176077708404268
2010-08-13,-0.016255492550281764
2010-08-20,-0.006014832903858368
2010-08-27,0.022560568981730048
2010-09-03,0.017910020101168156
2010-09-10,-0.011980260837931652
2010-09-17,-0.027480243449822882
2010-09-24,0.03433166522399659
2010-10-01,-0.043676620497010085
2010-10-08,-0.012499020194455623
2010-10-15,0.057999082246537485
2010-10-22,0.0025166110504991615
2010-10-29,-0.04987032185083461
2010-11-05,-0.045473177658003516
2010-11-12,0.08755485417068017
2010-11-19,0.03490631146815826
2010-11-26,0.024679189813189575
2010-12-03,-0.0496724105037218
2010-12-10,-0.02320606332172422
2010-12-17,-0.02850080675433323
2010-12-24,-0.007084203920378895
2010-12-31,-0.01304471562669296
2011-01-07,0.07813832616032149
2011-01-14,0.10143145461346721
2011-01-21,0.00028741553019743377
2011-01-28,0.015857345626915615
2011-02-04,0.051147810421399334
2011-02-11,-0.020946873921572497
2011-02-18,0.04061582364273393
2011-02-25,-0.03258744823951816
2011-03-04,-0.06038793072937068
2011-03-11,-0.04521179384067797
2011-03-18,0.01595047675754435
2011-03-25,-0.02188688048080441
2011-04-01,-0.039490127686981714
2011-04-08,0.019308966426622234
2011-04-15,-0.003946642409058915
2011-04-22,0.019845571840782172
2011-04-29,-0.03135806644698702
2011-05-06,0.018227996778809413
2011-05-13,0.044720859224408264
2011-05-20,-0.007140974070751796
2011-05-27,0.023177493938858075
2011-06-03,0.013144116610126749
2011-06-10,-0.03288531559368187
2011-06-17,0.004260977763425343
2011-06-24,0.022559542295093306
2011-07-01,-0.004725437341392892
2011-07-08,0.031474132554057066
2011-07-15,-0.011584887374916843
2011-07-22,-0.012236253849198315
2011-07-29,0.044222287835576427
2011-08-05,0.026384889511363672
2011-08-12,-0.018282732543992666
2011-08-19,-0.04182843212070017
2011-08-26,-0.01808890085138152
2011-09-02,0.01973359238469082
2011-09-09,0.005676787580542316
2011-09-16,-0.00915401036350453
2011-09-23,-0.014465570640410798
2011-09-30,-0.07635456644116026
2011-10-07,-0.043700478342642936
2011-10-14,-0.02228076353758339
2011-10-21,-0.056838809756885336
2011-10-28,-0.043723237104058336
2011-11-04,0.02063113619508616
2011-11-11,0.011751370999654842
2011-11-18,0.01771232017752644
2011-11-25,0.0037801475783638683
2011-12-02,-0.0009813494212738208
2011-12-09,-0.04471332288081176
2011-12-16,0.022534242586828124
2011-12-23,0.012606893265917941
2011-12-30,0.016050101392568756
2012-01-06,-0.011155480300217291
2012-01-13,0.06846506279781465
2012-01-20,-0.06886866783560652
2012-01-27,-0.05574639531595293
2012-02-03,-0.01901808041527679
2012-02-10,0.021314112044343934
2012-02-17,0.017327316123616078
2012-02-24,0.0015387816744022436
2012-03-02,0.015311786774703537
2012-03-09,0.006524828872277898
2012-03-16,0.03395862350010844
2012-03-23,-0.015693277862202756
2012-03-30,-0.0017862814982037012
2012-04-06,0.00513166174540573
2012-04-13,0.003891889999327657
2012-04-20,-0.00593585304697882
2012-04-27,0.030733373688487275
2012-05-04,0.02347948217982495
2012-05-11,-0.022173505473626433
2012-05-18,0.06145108536827418
2012-05-25,-0.024743494642026263
2012-06-01,0.02539027911807419
2012-06-08,-0.020993797077655325
2012-06-15,0.011897989313758442
2012-06-22,-0.07241470479806862
2012-06-29,-0.013705132812383019
2012-07-06,0.01682415818710581
2012-07-13,-0.06701284903431848
2012-07-20,-0.06672195758873203
2012-07-27,-0.04838994100845247
2012-08-03,-0.0026304477661663536
2012-08-10,-0.014800571060242278
2012-08-17,0.023642377026561544
2012-08-24,0.005483307420404261
2012-08-31,0.02561566023884935
2012-09-07,0.015396436918340216
2012-09-14,-0.009478789440773072
2012-09-21,0.0129588991868567
2012-09-28,-0.008213636737803322
2012-10-05,0.012867658425931109
2012-10-12,-0.001874795447518009
2012-10-19,-0.002569572899402888
2012-10-26,-0.01112401751828936
2012-11-02,-0.003080568067825122
2012-11-09,0.007559164193626898
2012-11-16,0.04176532680550167
2012-11-23,-0.03437140399726357
2012-11-30,-0.017679567444750154
2012-12-07,0.04455816625996171
2012-12-14,-0.006825723875706124
2012-12-21,-0.00923820781640361
2012-12-28,-0.0043313742608958785
2013-01-04,0.021018254159088492
2013-01-11,0.0030093630066133645
2013-01-18,-0.007610148457626233
2013-01-25,0.08208475234386954
2013-02-01,-0.021320772628343868
2013-02-08,-0.00659991727178781
2013-02-15,-0.0029158832254964815
2013-02-22,-0.011298059459697085
2013-03-01,0.005895211292654875
2013-03-08,-0.011363431609595333
2013-03-15,-0.025453663105256836
2013-03-22,-0.015706861742221873
2013-03-29,-0.0222724824879759
2013-04-05,-0.03292404890422147
2013-04-12,-0.012225547523367464
2013-04-19,0.08282448471352663
2013-04-26,-0.015630808498731812
2013-05-03,0.004938722559077051
2013-05-10,0.10784847336779446
2013-05-17,0.0618032937987889
2013-05-24,0.006655360829533846
2013-05-31,0.005549143720391947
2013-06-07,0.0033149044483632806
2013-06-14,-0.01735821805431592
2013-06-21,0.012103345029733054
2013-06-28,0.016322837882130143
2013-07-05,0.030650578107629684
2013-07-12,0.03712051431102581
2013-07-19,-0.011219935104329467
2013-07-26,0.02183668846543063
2013-08-02,-0.009956505288187072
2013-08-09,0.013464136928638973
2013-08-16,-0.02211778088916468
2013-08-23,0.013064292983087124
2013-08-30,0.018833460474318556
2013-09-06,-0.024384726178184324
2013-09-13,-0.03595841073503714
2013-09-20,0.02932128252132626
2013-09-27,0.045606179886748234
2013-10-04,-0.01640186313867113
2013-10-11,-0.03773203751672002
2013-10-18,0.01444028898891799
2013-10-25,-5.584958889566852e-05
2013-11-01,0.0039370352639692685
2013-11-08,0.05004140775793734
2013-11-15,0.006078426132047864
2013-11-22,0.05301716031629071
2013-11-29,0.006872582381865982
2013-12-06,-0.010684606147777553
2013-12-13,-0.0129867812512617
2013-12-20,0.012175420944276706
2013-12-27,-0.010519945262455515
2014-01-03,-0.00860109617724954
2014-01-10,-0.004117932621753233
2014-01-17,-0.052821769164902034
2014-01-24,-0.017956938147201302
2014-01-31,0.0464627979137537
2014-02-07,-0.01643090554739627
2014-02-14,0.01952679243367461
2014-02-21,0.0437934668642187
2014-02-28,0.034938156408091725
2014-03-07,-0.011612912575417116
2014-03-14,-0.04017643395057664
2014-03-21,-0.020714431651821404
2014-03-28,0.0032669021047199535
2014-04-04,0.024969519260347666
2014-04-11,0.016350751867500384
2014-04-18,0.018525923130416566
2014-04-25,0.03644537358885894
2014-05-02,0.0007374004938338254
2014-05-09,0.030554865031731437
2014-05-16,-0.016207123990230755
2014-05-23,-0.036376874943562086
2014-05-30,-0.0010891688979296136
2014-06-06,0.0030421737615502114
2014-06-13,-0.008592535529268568
2014-06-20,0.014837255389181977
2014-06-27,0.017313257325305934
2014-07-04,-0.019853179008807603
2014-07-11,-0.01676236792506902
2014-07-18,0.015034595788361417
2014-07-25,-0.02853076416613435
2014-08-01,-0.03252785235727551
2014-08-08,-0.015049268362219686
2014-08-15,0.0032279097888041584
2014-08-22,0.007168263994064077
2014-08-29,0.017617987349252018
2014-09-05,0.020915291369512718
2014-09-12,0.011514606949810807
2014-09-19,-0.028293942683873304
2014-09-26,0.0011080881679772113
2014-10-03,-0.013259220079186784
2014-10-10,0.05521208378380034
2014-10-17,-0.030386602693577847
2014-10-24,-0.020359387363895455
2014-10-31,-0.004406842623520941
2014-11-07,0.02408277138866773
2014-11-14,-0.01423814983814416
2014-11-21,-0.036871486358904984
2014-11-28,0.04107525914098742
2014-12-05,-0.05966327804950969
2014-12-12,0.007692327184627645
2014-12-19,-0.01045700260559971
2014-12-26,-0.026382319284372548
2015-01-02,0.011964831111458702
2015-01-09,0.010596892092965732
2015-01-16,-0.00047240150668714787
2015-01-23,-0.04608790617457547
2015-01-30,-0.12931292482462817
2015-02-06,-0.03739611373500144
2015-02-13,0.019583199240559256
2015-02-20,-0.020721809406055947
2015-02-27,0.0017030841495845328
2015-03-06,0.03912334713328432
2015-03-13,-0.004205617544009201
2015-03-20,0.0043321295406425105
2015-03-27,-0.02550882695496781
2015-04-03,-0.005440975822051126
2015-04-10,-0.01433008023742377
2015-04-17,-0.008151486643689105
2015-04-24,-0.054160955999015124
2015-05-01,-0.0037012745345704756
2015-05-08,0.014097248770491639
2015-05-15,0.007366630938328898
2015-05-22,-0.0053893296722418525
2015-05-29,-0.012095433370988026
2015-06-05,0.0005433149274485607
2015-06-12,0.020911859779796923
2015-06-19,-0.0023678743837461562
2015-06-26,-0.00039346939536810677
2015-07-03,0.02691654440676827
2015-07-10,-0.028287262595399744
2015-07-17,0.03670467803913372
2015-07-24,0.03682883873694605
2015-07-31,0.01124752220740144
2015-08-07,-0.06560917356839066
2015-08-14,0.012263888672730133
2015-08-21,-0.00156762457188072
2015-08-28,-0.019860909315929064
2015-09-04,-0.007669438539844033
2015-09-11,0.025018264515531016
2015-09-18,0.029752648450388233
2015-09-25,-0.02943456043772674
2015-10-02,0.010026016767539482
2015-10-09,-0.03146589929377315
2015-10-16,0.03656875448691236
2015-10-23,0.034862854182205465
2015-10-30,0.013806925396415962
2015-11-06,0.0023968577283451503
2015-11-13,0.02393439431928431
2015-11-20,-0.002304682446160406
2015-11-27,-0.020862680805988888
2015-12-04,0.030909006801010205
2015-12-11,0.006959028790926504
2015-12-18,-0.02686008802349952
2015-12-25,-0.010922418024875442
2016-01-01,0.025870115767948693
2016-01-08,-0.0007642166681577009
2016-01-15,0.0413452989607761
2016-01-22,-0.027031554803773762
2016-01-29,0.013346920194227485
2016-02-05,0.12432171479217939
2016-02-12,0.04222615441647115
2016-02-19,-0.08959338271043849
2016-02-26,-0.047447787644589755
2016-03-04,-0.0018359562285770918
2016-03-11,-0.013869242691703788
2016-03-18,0.027988803321028037
2016-03-25,-0.024459886861995555
2016-04-01,0.04709542441512511
2016-04-08,0.019017291526719566
2016-04-15,-0.009190905469266857
2016-04-22,-0.019463702299745735
2016-04-29,0.023739262660943467
2016-05-06,-0.010880369858484985
2016-05-13,0.03371364624714871
2016-05-20,-0.00630870792538159
2016-05-27,-0.0164058084003503
2016-06-03,0.0001683138004860609
2016-06-10,-0.015110780019531367
2016-06-17,0.013495245424804698
2016-06-24,0.04309162374808395
2016-07-01,-0.02249782366315833
2016-07-08,-0.004137190549334072
2016-07-15,-0.01156292660058026
2016-07-22,0.032257602707646583
2016-07-29,0.04934954312784412
2016-08-05,0.03015282080091937
2016-08-12,0.024874196995349613
2016-08-19,0.0039950901677390975
2016-08-26,-0.0010424178651646052
2016-09-02,0.043270328428413975
2016-09-09,-0.014416454718802742
2016-09-16,-0.08426006576080587
2016-09-23,0.010063164720614564
2016-09-30,0.020040032186802614
2016-10-07,-0.012737516560698471
2016-10-14,0.005764000943030682
2016-10-21,0.013348029266544994
2016-10-28,0.003997489298787701
2016-11-04,-0.013737991125371479
2016-11-11,0.09380371886257223
2016-11-18,0.01951868346081164
2016-11-25,-0.027649489069316965
2016-12-02,0.030382560528976067
2016-12-09,-0.017120750139354875
2016-12-16,-0.0210981966329693
2016-12-23,0.056703716451420354
2016-12-30,-0.002787093050966138
2017-01-06,-0.012294560606141532
2017-01-13,0.021867978929668443
2017-01-20,0.007033841669260835
2017-01-27,-0.008491827241041064
2017-02-03,-0.01577146517926834
2017-02-10,0.021064235338121736
2017-02-17,-0.02091860920158976
2017-02-24,-0.018092550106136675
2017-03-03,0.025166211441552434
2017-03-10,0.01186156340003571
2017-03-17,-0.04557773457407495
2017-03-24,-0.022198863605109104
2017-03-31,0.00797821469448453
2017-04-07,0.008556288634445238
2017-04-14,-3.518458701349636e-05
2017-04-21,-0.02158980674925296
2017-04-28,0.022115024257577977
2017-05-05,0.00620127957039455
2017-05-12,0.003019210152799416
2017-05-19,0.0066430670209787195
2017-05-26,-0.0004429717182817452
2017-06-02,0.019767422676329877
2017-06-09,-0.0009915972867024277
2017-06-16,0.037397503018502566
2017-06-23,-0.00028456112336113296
2017-06-30,-0.021428113074104787
2017-07-07,-0.040102871460426265
2017-07-14,-0.03724030803143167
2017-07-21,0.005932207431806779
2017-07-28,-0.005296588860304448
2017-08-04,-0.03409311028497038
2017-08-11,-0.004642677915624635
2017-08-18,-0.01639221184877167
2017-08-25,0.002790054093026313
2017-09-01,-0.0035316482600786423
2017-09-08,-0.022028629661006938
2017-09-15,-0.01464568871580648
2017-09-22,-0.02595298171364287
2017-09-29,0.013125612745219655
2017-10-06,-0.017423241751698033
2017-10-13,0.009058338983941634
2017-10-20,0.025079494235941913
2017-10-27,0.02817607286891066
2017-11-03,0.033896315727464835
2017-11-10,0.01834258976779124
2017-11-17,-0.01125425214230591
2017-11-24,0.029433157272914803
2017-12-01,-0.08045185215913378
2017-12-08,0.0065822398978547785
2017-12-15,0.019330820288510075
2017-12-22,-0.02279285020823618
2017-12-29,-0.0029062885255819464
2018-01-05,-0.021397500959274847
2018-01-12,0.0073635537292665205
2018-01-19,-0.014404247440495472
2018-01-26,0.03648610708410912
2018-02-02,0.024960025735185885
2018-02-09,0.0031399060427185974
2018-02-16,0.013181432364358644
2018-02-23,0.027615881430490947
2018-03-02,0.0023209948811254728
2018-03-09,0.020141224438648922
2018-03-16,-0.007669658218386425
2018-03-23,-0.0332178457702594
2018-03-30,0.032563050526053794
2018-04-06,-0.029231351061877537
2018-04-13,-0.017355208297471798
2018-04-20,-0.025752585214752207
2018-04-27,-0.010456069707147558
2018-05-04,-0.06951937758347744
2018-05-11,0.02236987842157645
2018-05-18,0.012845897640915259
2018-05-25,-0.0009974054507523294
2018-06-01,0.009437859717196349
2018-06-08,-0.03339739060104541
2018-06-15,0.06245430059315874
2018-06-22,-0.016996717968207526
2018-06-29,0.018149136665810934
2018-07-06,-0.0463700854412528
2018-07-13,0.014011358161670614
2018-07-20,-0.01117636715695817
2018-07-27,0.03314926250193473
2018-08-03,-0.07962291754004093
2018-08-10,0.003549853984080734
2018-08-17,-0.01922464871797317
2018-08-24,-0.05633798677360853
2018-08-31,0.01294215626806013
2018-09-07,0.004704757666665567
2018-09-14,-0.023139237074060327
2018-09-21,-0.019931163917435657
2018-09-28,-0.0054232311108026385
2018-10-05,0.008064943880245182
2018-10-12,0.03335325661443174
2018-10-19,0.03704509704246066
2018-10-26,-0.03531967141474293
2018-11-02,0.010978627137337105
2018-11-09,0.030023583400315336
2018-11-16,0.11621941432046352
2018-11-23,0.05194556875443908
2018-11-30,-0.05725352156994589
2018-12-07,0.028476517280113092
2018-12-14,-0.0011875549261747258
2018-12-21,-0.010062235849927229
2018-12-28,-0.0011958013505071925
2019-01-04,0.004551397179540818
2019-01-11,-0.00796897133468681
2019-01-18,-0.07268956953282657
2019-01-25,-0.01273009381897298
2019-02-01,0.020929035273731682
2019-02-08,-0.012763874411028367
2019-02-15,-0.035695773846111334
2019-02-22,-0.0006264482425524989
2019-03-01,0.005750978650883143
2019-03-08,0.017358560972364545
2019-03-15,-0.08123082318721722
2019-03-22,-0.02212449829572353
2019-03-29,-0.02725852593639958
2019-04-05,-0.04702141400045971
2019-04-12,-0.02308019009244592
2019-04-19,0.0148173946028205
2019-04-26,0.03695579700240126
2019-05-03,-0.07266885354239157
2019-05-10,0.022990805070128188
2019-05-17,0.0675201990751469
2019-05-24,0.031861662315459206
2019-05-31,0.024543043533040817
2019-06-07,-0.06360350088173257
2019-06-14,-0.0005490888155173311
2019-06-21,-0.013160769123931566
2019-06-28,-0.0036174649140500916
2019-07-05,-0.010508344358327738
2019-07-12,-0.012874972622136808
2019-07-19,-0.018100818375434903
2019-07-26,0.02074330366963817
2019-08-02,-0.03349009438749642
2019-08-09,-0.0038858727954634116
2019-08-16,0.03480113770784672
2019-08-23,0.009047117154769097
2019-08-30,-0.0021354962656025354
2019-09-06,-0.0028839713837814154
2019-09-13,-0.040049969870671845
2019-09-20,0.008111358454169215
2019-09-27,-0.0026600368980272213
2019-10-04,0.009374090133269803
2019-10-11,-0.012606481555464991
2019-10-18,-0.006318875800775465
2019-10-25,-0.08610752949351144
2019-11-01,-0.02063094170176079
2019-11-08,0.00835431830153044
2019-11-15,0.02744650913953239
2019-11-22,-0.022536779499023444
2019-11-29,0.008125614980803294
2019-12-06,-0.001211925251710026
2019-12-13,0.04329393861762391
2019-12-20,0.05321050425616939
2019-12-27,0.01471354511980416
2020-01-03,0.018298402161342153
2020-01-10,0.036464493106601936
2020-01-17,0.02707972277581409
2020-01-24,0.057020718516039764
2020-01-31,0.030504244605868053
2020-02-07,0.058242077775962645
2020-02-14,-0.01675657173217708
2020-02-21,0.053817795861757764
2020-02-28,-0.02876947819461119
2020-03-06,0.040112947983779214
2020-03-13,-0.023477356397394136
2020-03-20,0.045878618439674064
2020-03-27,-0.09221606686736897
2020-04-03,0.023307750185810515
2020-04-10,-0.11224850865678178
2020-04-17,0.0782284630182771
2020-04-24,0.004115098720999023
2020-05-01,-0.06013659595878599
2020-05-08,0.05872459437684545
2020-05-15,0.06625099624704361
2020-05-22,0.026446913541427586
2020-05-29,-0.05066155556066387
2020-06-05,-0.025372231849827842
2020-06-12,-0.05392065474563027
2020-06-19,-0.011655750870363895
2020-06-26,0.024657787790291263
2020-07-03,0.07693296599898791
2020-07-10,0.1361573095596281
2020-07-17,-0.06853500959567893
2020-07-24,-0.025216671760998472
2020-07-31,-0.010638738138535886
2020-08-07,0.013979509686933733
2020-08-14,-0.018126750093153086
2020-08-21,0.13155012478538652
2020-08-28,0.005770555959738745
2020-09-04,-0.02571312159528216
2020-09-11,-0.036616982444709525
2020-09-18,0.08000067312031352
2020-09-25,-0.06418133669675596
2020-10-02,0.020545102480364303
2020-10-09,0.001965133105330013
2020-10-16,0.010125146662912012
2020-10-23,-0.0208954370226437
2020-10-30,0.003800659977085896
2020-11-06,-0.05433648997642715
2020-11-13,-0.12455624207851712
2020-11-20,-0.05509893869598881
2020-11-27,0.09184362243697497
2020-12-04,0.004348312125083983
2020-12-11,0.035332994859376826
2020-12-18,0.013123638652028036
2020-12-25,-0.0036715951195603128
2021-01-01,0.020724651338801817
2021-01-08,0.1488481778063921
2021-01-15,0.03815551667537538
2021-01-22,-0.06970841141435968
2021-01-29,-0.023261913202721494
2021-02-05,0.045684350330797686
2021-02-12,-0.029939993563292615
2021-02-19,0.0278381351895182
2021-02-26,0.011260646235057481
2021-03-05,0.03864660362325774
2021-03-12,-0.010504232116988626
2021-03-19,-0.035261762131609586
2021-03-26,0.007168137848298469
2021-04-02,-0.027507010244482988
2021-04-09,-0.018293923689658986
2021-04-16,-0.023016033715458427
2021-04-23,-0.012884675934200101
2021-04-30,0.009935515259936335
2021-05-07,0.054327231951814214
2021-05-14,0.04611999711275971
2021-05-21,-0.02065670783372175
2021-05-28,-0.021133320815841405
2021-06-04,0.05082836243769957
2021-06-11,-0.0044287375419969814
2021-06-18,0.02744028597850397
2021-06-25,-0.03891803074583481
2021-07-02,0.010175589875083602
2021-07-09,0.003677923292994656
2021-07-16,-0.04607113579448459
2021-07-23,0.051248758724954636
2021-07-30,-0.03039743052898532
2021-08-06,0.002474497079111959
2021-08-13,0.006966898733079725
2021-08-20,0.03671736401974508
2021-08-27,-0.012650942668858169
2021-09-03,0.010325337881080622
2021-09-10,0.0007069508028028455
2021-09-17,-0.008040371502359773
2021-09-24,0.005067307658509082
2021-10-01,-0.03922867843759248
2021-10-08,0.01215133666719348
2021-10-15,0.0036220019503567027
2021-10-22,0.03291942750114022
2021-10-29,0.09907406982857543
2021-11-05,0.07298185339822716
2021-11-12,-0.04259145357766898
2021-11-19,0.05835399664932257
2021-11-26,-0.016202261646370248
2021-12-03,-0.032535544149984164
2021-12-10,-0.028279082264802056
2021-12-17,-0.06443110185280365
2021-12-24,0.06471265559580848
2021-12-31,-0.0027852723797632626
2022-01-07,-0.09830381703454555
2022-01-14,0.018783884871459728
2022-01-21,-0.009303722301905348
2022-01-28,0.018404075168121592
2022-02-04,-0.04318607820569498
2022-02-11,0.02495217995568111
2022-02-18,0.004784474592073691
2022-02-25,0.00739546468720357
2022-03-04,0.04453495712823537
2022-03-11,0.02125661872244603
2022-03-18,-0.139360181839178
2022-03-25,0.024296971330283707
2022-04-01,0.0225812818764819
2022-04-08,0.0875868596443885
2022-04-15,0.07046309559895472
2022-04-22,0.02635766579724442
2022-04-29,0.046804389269729886
2022-05-06,-0.0010114270460167551
2022-05-13,0.020408372787101392
2022-05-20,0.027534271506063426
2022-05-27,-0.06292152124089778
2022-06-03,-0.038150869394417065
2022-06-10,0.05796391111906115
2022-06-17,-0.018083139957377203
2022-06-24,-0.054203820835276785
2022-07-01,0.09997395340349198
2022-07-08,-0.09708252611138708
2022-07-15,0.012000204258872566
2022-07-22,-0.10977051400978251
2022-07-29,-0.02026002857662442
2022-08-05,-0.018357322225591312
2022-08-12,-0.0006593696958512273
2022-08-19,-0.02339815268239527
2022-08-26,-0.03759339014107969
2022-09-02,0.01444975463950093
2022-09-09,0.014576045652612127
2022-09-16,0.0007379702552156742
2022-09-23,-0.018056794578235284
2022-09-30,-0.005621348986450911
2022-10-07,0.00401613780391101
2022-10-14,-0.00459664100077872
2022-10-21,0.02622127516958494
2022-10-28,-0.04924487882125709
2022-11-04,0.07359839887378553
2022-11-11,-0.04299323338641132
2022-11-18,0.052557768465244244
2022-11-25,0.012276698553067197
2022-12-02,-0.04526110559651286
2022-12-09,0.04592893229740028
2022-12-16,0.05554808129925918
2022-12-23,0.06420750522043628
2022-12-30,0.008870269476891401
2023-01-06,0.040739735942159815
2023-01-13,-0.04467563968997253
2023-01-20,-0.04772237990573306
2023-01-27,-0.08542259061896243
2023-02-03,-0.0073873828987191335
2023-02-10,-0.0525501486731282
2023-02-17,-0.023306016107966378
2023-02-24,0.02890000617255868
2023-03-03,0.006278671538456368
2023-03-10,-0.033696453535717666
2023-03-17,0.008277851230952711
2023-03-24,0.026280948224723932
2023-03-31,0.012580763169406591
2023-04-07,-0.06687608296516404
2023-04-14,-0.04159701651210645
2023-04-21,-0.029730793975202837
2023-04-28,0.01234556864669127
2023-05-05,0.016507295030662984
2023-05-12,0.012193085417006106
2023-05-19,0.01893088401489325
2023-05-26,0.08741226441612367
2023-06-02,-0.04104806685265627
2023-06-09,-0.03262319491970955
2023-06-16,0.05033976526451215
2023-06-23,0.010040728209848027
2023-06-30,-0.00046087625347768224
2023-07-07,0.04413993891721464
2023-07-14,0.04384342839011324
2023-07-21,-0.08510508314465391
2023-07-28,0.022773848330874365
2023-08-04,-0.002505532696092919
2023-08-11,-0.07172284844652402
2023-08-18,-0.01852017705633206
2023-08-25,0.04506382633331192
2023-09-01,0.01905914812278305
2023-09-08,-0.015522716155752994
2023-09-15,-0.0008011965206824456
2023-09-22,-0.0334136986000472
2023-09-29,0.025095836255626836
2023-10-06,-0.0024969007859894123
2023-10-13,0.016694625888888405
2023-10-20,0.022010735390945037
2023-10-27,-0.030490523370117442
2023-11-03,0.008375236191754993
2023-11-10,0.021588489469966943
2023-11-17,-0.025978776290283744
2023-11-24,-0.01501178387118392
2023-12-01,-0.010578518517477042
2023-12-08,0.0020740711623007373
2023-12-15,-0.005146070073427859
2023-12-22,-0.02327368985859539
2023-12-29,0.0029016654089562
2024-01-05,-0.009385668733867147
2024-01-12,0.07498329036649787
2024-01-19,0.043282873852655904
2024-01-26,0.059122439177067825
2024-02-02,0.05156819406112186
2024-02-09,0.03309234021916004
2024-02-16,-0.04234236362220633
2024-02-23,0.046139158669073914
2024-03-01,-0.0005496578702736468
2024-03-08,0.07465201899355911
2024-03-15,0.012904086832867548
2024-03-22,0.024598028333344377
2024-03-29,-0.01930059033916024
2024-04-05,0.006780952487711486
2024-04-12,-0.037643778013207535
2024-04-19,-0.01619988234658149
2024-04-26,0.020948411466030645
2024-05-03,-0.07071499810363269
2024-05-10,0.04295560587472561
2024-05-17,-0.025928543116901258
2024-05-24,0.05220616632247662
2024-05-31,0.007221847280630614
2024-06-07,0.025734241257522845
2024-06-14,0.000974530215537803
2024-06-21,-0.007072037004567674
2024-06-28,-0.02227145219649177
2024-07-05,-0.08268347171493125
2024-07-12,-0.012882929183900957
2024-07-19,-0.0688599662536123
2024-07-26,-0.019020446152990145
2024-08-02,-0.04950295496551545
2024-08-09,-0.008183594917222686
2024-08-16,0.019175039836402126
2024-08-23,0.012200091290808531
2024-08-30,-0.02175018889951008
2024-09-06,-0.035655699960513355
2024-09-13,-0.018607107578132148
2024-09-20,-0.0018449624044007216
2024-09-27,0.05624629688821081
2024-10-04,-0.019369136751873205
2024-10-11,-0.016650971640549923
2024-10-18,0.021124883545745966
2024-10-25,0.06641684256900254
2024-11-01,-0.06914305770740128
2024-11-08,0.09179405371659874
2024-11-15,0.0034072690149122477
2024-11-22,0.0383094299506201
2024-11-29,-0.031100723427476752
2024-12-06,0.034743289022148446
2024-12-13,0.013149027874550483
2024-12-20,-0.006833352948154014
2024-12-27,0.01622771769432137
2025-01-03,-0.016024782988088772
2025-01-10,-0.02764875301138725
2025-01-17,0.0056806099602484394
2025-01-24,0.020227118612102947
2025-01-31,-0.006134249800879952
2025-02-07,-0.07241066444989568
2025-02-14,-0.028084875724437817
2025-02-21,-0.017931720016855578
2025-02-28,0.04117118438907326
2025-03-07,0.0464196106142333
2025-03-14,-0.03997219123194643
2025-03-21,0.007192017483802936
2025-03-28,0.015226566141062142
2025-04-04,0.0347197338695952
2025-04-11,-0.10312265379602081
2025-04-18,0.06950844973732184
2025-04-25,-0.1290806064305472
2025-05-02,-0.019967381936183193
2025-05-09,-0.0020009783825964585
2025-05-16,-0.09556429483884313
2025-05-23,0.008139168432713121
2025-05-30,-0.006599992965315254
2025-06-06,-0.037004509057924476
2025-06-13,0.020598213518644656
2025-06-20,0.0030079058058303625
2025-06-27,0.056181982068199604
2025-07-04,-0.040369578561421315
2025-07-11,-0.00018059981209942767
2025-07-18,0.022367409814384565
2025-07-25,-0.023514463153348854
2025-08-01,0.01855069802293215
2025-08-08,-0.005370371928435036
2025-08-15,-0.0022472836857585117
2025-08-22,-0.021482223625098697
2025-08-29,0.004756020628772969
2025-09-05,0.027463120428049624
2025-09-12,0.058622487699055315
2025-09-19,0.035623554227258124
2025-09-26,-0.0016053880537002154
2025-10-03,-0.014702812331604642
2025-10-10,-0.010616964527626912
2025-10-17,0.04235146012706255
2025-10-24,-0.011777677658143044
2025-10-31,0.016673892118977816
2025-11-07,-0.027683484113594187
2025-11-14,-0.032604315800529804
2025-11-21,0.05175322859141418
2025-11-28,0.03570613436626939
2025-12-05,0.02135429364585772
2025-12-12,-0.004348690212767922
2025-12-19,-0.03425816141422962
2025-12-26,-0.015286584004942833
2026-01-02,-0.02209523834645192
2026-01-09,-0.025734371621568698
2026-01-16,-0.030813401085202363
2026-01-23,0.029144382850092354
2026-01-30,-0.02391316320271771
2026-02-06,0.13856135510990192
2026-02-13,-0.010166914782392584
